"Date","Vehicles.Recalled","Manufacturer","Recall.Factor"
2016-01-25,361692,"Ford Motor Company",0.419942715755994
2016-01-25,825,"Volkswagen Group of America, Inc.",0.101359280987804
2016-01-28,75,"Ford Motor Company",0.392325707877174
2016-01-28,734,"Volkswagen Group of America, Inc.",0.093472957051252
2016-02-01,2988,"General Motors, LLC",0.618036021393967
2016-02-01,5072,"Toyota Motor Engineering & Manufacturing",0.639741344581699
2016-02-02,341444,"Honda (American Honda Motor Co.)",1
2016-02-03,113716,"General Motors, LLC",0.591163427018614
2016-02-03,2232187,"Honda (American Honda Motor Co.)",0.978366573089479
2016-02-05,430771,"General Motors, LLC",0.565412137886329
2016-02-05,320409,"Toyota Motor Engineering & Manufacturing",0.585343868707986
2016-02-09,42129,"Honda (American Honda Motor Co.)",0.857815637220094
2016-02-10,25706,"Toyota Motor Engineering & Manufacturing",0.523554491706159
2016-02-10,659493,"Volkswagen Group of America, Inc.",0.138788442968597
2016-02-10,151767,"Volkswagen Group of America, Inc.",0.138788442968597
2016-02-11,139,"General Motors, LLC",0.494427898205941
2016-02-11,711159,"Mercedes-Benz USA, LLC",0.0819561452495063
2016-02-11,1037,"Volkswagen Group of America, Inc.",0.135314232720577
2016-02-16,53,"Mercedes-Benz USA, LLC",0.0710466959396033
2016-02-19,1123752,"Toyota Motor Engineering & Manufacturing",0.427645529738162
2016-02-24,74,"General Motors, LLC",0.368500340087658
2016-02-25,48990,"Ford Motor Company",0.393144675209054
2016-02-25,2894,"Ford Motor Company",0.393144675209054
2016-02-25,1984,"Honda (American Honda Motor Co.)",0.602464997944608
2016-03-02,1579,"General Motors, LLC",0.566569978912411
2016-03-03,147242,"Toyota Motor Engineering & Manufacturing",0.573625368526265
2016-03-03,71163,"Toyota Motor Engineering & Manufacturing",0.573625368526265
2016-03-07,5561,"Volkswagen Group of America, Inc.",0.139111027599746
2016-03-10,888,"Mercedes-Benz USA, LLC",0.0776549053377271
2016-03-11,3137,"General Motors, LLC",0.46315359820198
2016-03-18,6280,"General Motors, LLC",0.395367674356844
2016-03-24,1533,"Honda (American Honda Motor Co.)",0.577421175622708
2016-03-24,46574,"Volkswagen Group of America, Inc.",0.0889373104484675
2016-03-24,91442,"Volkswagen Group of America, Inc.",0.0889373104484675
2016-03-30,11602,"Honda (American Honda Motor Co.)",0.504995497676355
2016-03-31,1543,"Ford Motor Company",0.320673271379158
2016-03-31,4654,"Ford Motor Company",0.320673271379158
2016-04-01,321,"General Motors, LLC",0.54295659410667
2016-04-04,37066,"Ford Motor Company",0.553276897351247
2016-04-07,16656,"Toyota Motor Engineering & Manufacturing",0.491541034935683
2016-04-07,234,"Toyota Motor Engineering & Manufacturing",0.491541034935683
2016-04-12,895232,"General Motors, LLC",0.424064902764563
2016-04-13,223,"Mercedes-Benz USA, LLC",0.0653944430634828
2016-04-14,58515,"Toyota Motor Engineering & Manufacturing",0.419821060361561
2016-04-20,844,"Toyota Motor Engineering & Manufacturing",0.366312038507441
2016-04-22,94,"Toyota Motor Engineering & Manufacturing",0.349943060488209
2016-04-26,695,"Ford Motor Company",0.336475972280834
2016-04-26,2288,"Ford Motor Company",0.336475972280834
2016-04-26,75364,"Ford Motor Company",0.336475972280834
2016-04-26,366,"Volkswagen Group of America, Inc.",0.0775244839720483
2016-04-27,39,"Ford Motor Company",0.32883338941061
2016-04-27,153581,"Ford Motor Company",0.32883338941061
2016-04-28,317572,"General Motors, LLC",0.294035966823836
2016-04-28,3738,"General Motors, LLC",0.294035966823836
2016-05-05,66,"General Motors, LLC",0.465070745600248
2016-05-16,327,"Mercedes-Benz USA, LLC",0.054584474686926
2016-05-17,136,"Mercedes-Benz USA, LLC",0.0528857609372812
2016-05-23,1754517,"Toyota Motor Engineering & Manufacturing",0.319901525377067
2016-05-23,1,"Mercedes-Benz USA, LLC",0.0434197834413959
2016-05-23,11,"Volkswagen Group of America, Inc.",0.0777271242256631
2016-05-24,5,"Ford Motor Company",0.329528049617354
2016-05-24,225012,"Ford Motor Company",0.329528049617354
2016-05-24,2701,"Honda (American Honda Motor Co.)",0.507076644057045
2016-05-24,1790894,"Honda (American Honda Motor Co.)",0.507076644057045
2016-05-24,2719386,"Honda (American Honda Motor Co.)",0.507076644057045
2016-05-26,3106,"Toyota Motor Engineering & Manufacturing",0.298480323347385
2016-05-26,258163,"Mercedes-Benz USA, LLC",0.0391218002316423
2016-05-27,8381,"Volkswagen Group of America, Inc.",0.069253135518101
2016-05-31,1892343,"Ford Motor Company",0.280260517966339
2016-05-31,194453,"Volkswagen Group of America, Inc.",0.0614715761078133
2016-06-02,7749,"Toyota Motor Engineering & Manufacturing",0.482614443729477
2016-06-06,55,"Volkswagen Group of America, Inc.",0.114052951528567
2016-06-09,39,"Honda (American Honda Motor Co.)",0.663761201055662
2016-06-09,4253,"Toyota Motor Engineering & Manufacturing",0.412131553819658
2016-06-09,536,"Volkswagen Group of America, Inc.",0.105380476228906
2016-06-10,18780,"General Motors, LLC",0.388910653815486
2016-06-15,5826,"Mercedes-Benz USA, LLC",0.0513740118664607
2016-06-15,100,"Mercedes-Benz USA, LLC",0.0513740118664607
2016-06-15,17,"Mercedes-Benz USA, LLC",0.0513740118664607
2016-06-16,423,"Mercedes-Benz USA, LLC",0.0497429928539216
2016-06-21,17,"General Motors, LLC",0.302210328094989
2016-06-24,5658,"Volkswagen Group of America, Inc.",0.0694395818828753
2016-06-28,5280,"Ford Motor Company",0.280860080779324
2016-06-28,865,"Ford Motor Company",0.280860080779324
2016-06-29,1895,"Ford Motor Company",0.274390195854704
2016-06-30,482002,"Toyota Motor Engineering & Manufacturing",0.254062717235232
2016-07-01,32913,"General Motors, LLC",0.446425242404989
2016-07-05,289254,"General Motors, LLC",0.40782407419712
2016-07-05,8367,"General Motors, LLC",0.40782407419712
2016-07-07,42984,"General Motors, LLC",0.389722935054239
2016-07-07,4558,"General Motors, LLC",0.389722935054239
2016-07-08,15486,"General Motors, LLC",0.380957604671249
2016-07-08,534,"General Motors, LLC",0.380957604671249
2016-07-08,14535,"Volkswagen Group of America, Inc.",0.100145763018399
2016-07-11,11846,"Honda (American Honda Motor Co.)",0.595259690908018
2016-07-12,11424,"Honda (American Honda Motor Co.)",0.582160481757165
2016-08-03,425,"Toyota Motor Engineering & Manufacturing",0.413848720732696
2016-08-04,367808,"General Motors, LLC",0.390536806601072
2016-08-11,189,"General Motors, LLC",0.332814424054647
2016-08-12,337449,"Toyota Motor Engineering & Manufacturing",0.337086517633483
2016-08-15,2,"Mercedes-Benz USA, LLC",0.0423562788578317
2016-08-16,62,"Mercedes-Benz USA, LLC",0.0409154047245282
2016-08-24,2013,"Ford Motor Company",0.269209199574637
2016-08-24,17985,"Ford Motor Company",0.269209199574637
2016-08-24,9067,"Volkswagen Group of America, Inc.",0.0583157571593825
2016-08-25,77502,"Ford Motor Company",0.262984981204733
2016-09-06,2046297,"Ford Motor Company",0.381192811520268
2016-09-06,8354,"Honda (American Honda Motor Co.)",0.584544075661196
2016-09-06,79895,"Volkswagen Group of America, Inc.",0.0902938426660924
2016-09-06,19205,"Volkswagen Group of America, Inc.",0.0902938426660924
2016-09-07,28249,"Volkswagen Group of America, Inc.",0.0878421732173277
2016-09-07,110042,"Volkswagen Group of America, Inc.",0.0878421732173277
2016-09-08,3640162,"General Motors, LLC",0.333516878447874
2016-09-08,8,"Volkswagen Group of America, Inc.",0.085442198844345
2016-09-09,3640163,"General Motors, LLC",0.325936690032995
2016-09-13,143214,"Volkswagen Group of America, Inc.",0.0741803965735533
2016-09-14,17643,"Honda (American Honda Motor Co.)",0.48884611522176
2016-09-16,7817,"Toyota Motor Engineering & Manufacturing",0.287383811808891
2016-09-23,131,"General Motors, LLC",0.235155766449307
2016-09-27,887,"Ford Motor Company",0.234286595478114
2016-09-28,64038,"Ford Motor Company",0.228798743369242
2016-09-29,40,"General Motors, LLC",0.203812019356064
2016-10-11,350083,"Honda (American Honda Motor Co.)",0.489854053040821
2016-10-12,1827,"Ford Motor Company",0.310788030033784
2016-10-12,53,"Ford Motor Company",0.310788030033784
2016-10-14,91585,"Toyota Motor Engineering & Manufacturing",0.281376942452911
2016-10-19,6858,"Mercedes-Benz USA, LLC",0.0294570386213603
2016-10-20,2215,"Mercedes-Benz USA, LLC",0.0282881535206257
2016-10-20,996,"Mercedes-Benz USA, LLC",0.0282881535206257
2016-10-24,7056,"Toyota Motor Engineering & Manufacturing",0.22238510681403
2016-10-26,170,"Ford Motor Company",0.223914897972622
2016-10-26,329265,"Ford Motor Company",0.223914897972622
2016-10-26,6582,"Ford Motor Company",0.223914897972622
2016-10-26,18,"General Motors, LLC",0.204261909054058
2016-11-04,1844,"General Motors, LLC",0.319866577745504
2016-11-16,672,"Mercedes-Benz USA, LLC",0.0295655710192778
2016-11-17,799,"Mercedes-Benz USA, LLC",0.0283943974409762
2016-11-21,4,"General Motors, LLC",0.214757796013825
2016-11-29,744437,"Toyota Motor Engineering & Manufacturing",0.183864780315896
2016-12-02,49927,"General Motors, LLC",0.313237042488733
2016-12-02,113,"General Motors, LLC",0.313237042488733
2016-12-05,603392,"Ford Motor Company",0.319390302020053
2016-12-05,25,"Ford Motor Company",0.319390302020053
2016-12-09,9179,"Honda (American Honda Motor Co.)",0.449560809527542
2016-12-14,10,"Mercedes-Benz USA, LLC",0.02850084936879
2016-12-14,48,"Mercedes-Benz USA, LLC",0.02850084936879
2016-12-14,70,"Mercedes-Benz USA, LLC",0.02850084936879
2016-12-15,47799,"Mercedes-Benz USA, LLC",0.0273521261523985
2016-12-16,12,"Toyota Motor Engineering & Manufacturing",0.234215590493959
2016-12-20,135683,"Volkswagen Group of America, Inc.",0.0456611911518052
2016-12-21,327,"General Motors, LLC",0.20029054270833
2016-12-21,94,"Toyota Motor Engineering & Manufacturing",0.207916513659513
2016-12-22,1163,"Ford Motor Company",0.214426269579418
2016-12-27,7549,"Honda (American Honda Motor Co.)",0.29805583416386
2016-12-27,633753,"Honda (American Honda Motor Co.)",0.29805583416386
2016-12-28,2,"Toyota Motor Engineering & Manufacturing",0.175502421654214
2016-12-29,7105,"Ford Motor Company",0.181110028138709
2016-12-29,5947,"Volkswagen Group of America, Inc.",0.0331581221420714
2017-01-03,234057,"Volkswagen Group of America, Inc.",0.159739035124253
2017-01-03,342867,"Volkswagen Group of America, Inc.",0.159739035124253
2017-01-09,577875,"Toyota Motor Engineering & Manufacturing",0.519082208704024
2017-01-10,654695,"Ford Motor Company",0.534252332344855
2017-01-10,882,"Honda (American Honda Motor Co.)",0.814045335787473
2017-01-10,308884,"Honda (American Honda Motor Co.)",0.814045335787473
2017-01-10,977708,"Honda (American Honda Motor Co.)",0.814045335787473
2017-01-10,104119,"Mercedes-Benz USA, LLC",0.0810777401587369
2017-01-11,33421,"Volkswagen Group of America, Inc.",0.130628305224439
2017-01-12,214,"General Motors, LLC",0.468654547336695
2017-01-24,17,"Ford Motor Company",0.389733711758271
2017-01-24,6792,"Ford Motor Company",0.389733711758271
2017-01-24,72847,"Toyota Motor Engineering & Manufacturing",0.369948715837295
2017-01-26,91007,"General Motors, LLC",0.341057718391431
2017-01-26,17197,"General Motors, LLC",0.341057718391431
2017-02-03,2,"Volkswagen Group of America, Inc.",0.148578187746013
2017-02-08,5882,"Mercedes-Benz USA, LLC",0.0790255757744184
2017-02-08,2112,"Mercedes-Benz USA, LLC",0.0790255757744184
2017-02-08,12456,"Mercedes-Benz USA, LLC",0.0790255757744184
2017-02-08,73,"Mercedes-Benz USA, LLC",0.0790255757744184
2017-02-08,37,"Mercedes-Benz USA, LLC",0.0790255757744184
2017-02-08,4,"Mercedes-Benz USA, LLC",0.0790255757744184
2017-02-08,1007,"Volkswagen Group of America, Inc.",0.130934913698348
2017-02-23,2085,"General Motors, LLC",0.341776311748342
2017-02-23,307629,"Mercedes-Benz USA, LLC",0.0502956245596867
2017-02-27,27531,"Ford Motor Company",0.340552259542237
2017-03-02,4875,"Volkswagen Group of America, Inc.",0.141622020449888
2017-03-02,797,"Volkswagen Group of America, Inc.",0.141622020449888
2017-03-08,20908,"Volkswagen Group of America, Inc.",0.121505078001791
2017-03-08,1676,"Volkswagen Group of America, Inc.",0.121505078001791
2017-03-13,5470,"Ford Motor Company",0.438288880639055
2017-03-14,65,"Mercedes-Benz USA, LLC",0.0608691780630414
2017-03-14,26,"Mercedes-Benz USA, LLC",0.0608691780630414
2017-03-14,51,"Mercedes-Benz USA, LLC",0.0608691780630414
2017-03-16,2213,"Mercedes-Benz USA, LLC",0.0572453290062365
2017-03-22,11618,"Volkswagen Group of America, Inc.",0.0834599158963373
2017-03-27,191432,"Ford Motor Company",0.318525265648246
2017-03-27,509,"Ford Motor Company",0.318525265648246
2017-03-27,208584,"Ford Motor Company",0.318525265648246
2017-03-27,84,"Ford Motor Company",0.318525265648246
2017-03-30,136,"Honda (American Honda Motor Co.)",0.458587115259937
2017-03-30,37421,"Honda (American Honda Motor Co.)",0.458587115259937
2017-03-31,48443,"Ford Motor Company",0.290375101575857
2017-04-11,1,"Mercedes-Benz USA, LLC",0.0610392100697697
2017-04-11,10832,"Mercedes-Benz USA, LLC",0.0610392100697697
2017-04-11,3,"Mercedes-Benz USA, LLC",0.0610392100697697
2017-04-11,15,"Mercedes-Benz USA, LLC",0.0610392100697697
2017-04-11,58323,"Mercedes-Benz USA, LLC",0.0610392100697697
2017-04-11,411,"Mercedes-Benz USA, LLC",0.0610392100697697
2017-04-11,12743,"Mercedes-Benz USA, LLC",0.0610392100697697
2017-04-12,168,"Mercedes-Benz USA, LLC",0.0592043939450939
2017-04-18,1425,"Honda (American Honda Motor Co.)",0.562187288424011
2017-04-20,823,"General Motors, LLC",0.320352488372569
2017-04-21,11246,"General Motors, LLC",0.313049879850406
2017-04-26,2091,"Volkswagen Group of America, Inc.",0.0684781118517588
2017-04-27,227732,"Toyota Motor Engineering & Manufacturing",0.282411369294922
2017-04-28,23,"Volkswagen Group of America, Inc.",0.0645367669390567
2017-05-01,1019,"Toyota Motor Engineering & Manufacturing",0.478475344796773
2017-05-01,17694,"Volkswagen Group of America, Inc.",0.125272351316656
2017-05-02,409,"Toyota Motor Engineering & Manufacturing",0.467838611011594
2017-05-03,240487,"Volkswagen Group of America, Inc.",0.118961169029953
2017-05-03,5,"Volkswagen Group of America, Inc.",0.118961169029953
2017-05-04,16,"Honda (American Honda Motor Co.)",0.719023688356591
2017-05-09,55068,"General Motors, LLC",0.385534148274441
2017-05-09,5818,"Mercedes-Benz USA, LLC",0.0593711665886006
2017-05-11,1325,"Toyota Motor Engineering & Manufacturing",0.38165364554219
2017-05-11,84262,"Volkswagen Group of America, Inc.",0.0962422775299431
2017-05-22,14410,"Ford Motor Company",0.312582991658255
2017-05-22,2204,"Ford Motor Company",0.312582991658255
2017-05-31,2,"Volkswagen Group of America, Inc.",0.0538282673290799
2017-06-01,31824,"Toyota Motor Engineering & Manufacturing",0.448159728999691
2017-06-15,6204,"General Motors, LLC",0.314378696953523
2017-06-23,3927,"Honda (American Honda Motor Co.)",0.441100473685572
2017-06-26,3,"Ford Motor Company",0.266234762504576
2017-06-26,372991,"Ford Motor Company",0.266234762504576
2017-06-26,4,"Ford Motor Company",0.266234762504576
2017-06-26,24754,"Volkswagen Group of America, Inc.",0.0574663757069703
2017-06-27,768,"General Motors, LLC",0.237576575512655
2017-06-29,690685,"General Motors, LLC",0.226579306216688
2017-06-29,10,"General Motors, LLC",0.226579306216688
2017-06-29,1148550,"Honda (American Honda Motor Co.)",0.385037295427266
2017-06-29,629,"Honda (American Honda Motor Co.)",0.385037295427266
2017-06-29,5,"Toyota Motor Engineering & Manufacturing",0.235091292170264
2017-06-29,1761,"Toyota Motor Engineering & Manufacturing",0.235091292170264
2017-06-30,193,"Honda (American Honda Motor Co.)",0.376370764862386
2017-07-03,3547,"Toyota Motor Engineering & Manufacturing",0.401070697418737
2017-07-06,6026,"Ford Motor Company",0.394641032062879
2017-07-10,40683,"General Motors, LLC",0.329894448758032
2017-07-13,32233,"Honda (American Honda Motor Co.)",0.517305449514033
2017-07-14,110,"Mercedes-Benz USA, LLC",0.0418001509817743
2017-07-16,5061,"Mercedes-Benz USA, LLC",0.0389719898941855
2017-07-20,671,"Toyota Motor Engineering & Manufacturing",0.271282432512989
2017-07-25,94605,"Ford Motor Company",0.254589911845266
2017-08-03,29647,"General Motors, LLC",0.362319912732134
2017-08-14,12322,"Mercedes-Benz USA, LLC",0.0377269555112988
2017-08-16,8383,"Volkswagen Group of America, Inc.",0.0652477014483435
2017-08-16,280915,"Volkswagen Group of America, Inc.",0.0652477014483435
2017-08-22,2905,"General Motors, LLC",0.233030570606093
2017-08-23,1121,"Toyota Motor Engineering & Manufacturing",0.236114551227229
2017-08-28,630,"Ford Motor Company",0.221396866322123
2017-08-28,698,"Ford Motor Company",0.221396866322123
2017-08-28,117423,"Ford Motor Company",0.221396866322123
2017-08-28,253,"Ford Motor Company",0.221396866322123
2017-08-28,650,"Ford Motor Company",0.221396866322123
2017-08-31,3257,"Honda (American Honda Motor Co.)",0.321970027230698
2017-08-31,21,"Toyota Motor Engineering & Manufacturing",0.195032131697968
2017-09-14,38048,"General Motors, LLC",0.262717581593165
2017-09-19,4,"Mercedes-Benz USA, LLC",0.0278465168452483
2017-09-20,73941,"Volkswagen Group of America, Inc.",0.0527591079136787
2017-09-25,504,"Ford Motor Company",0.221881184149778
2017-09-25,39,"Ford Motor Company",0.221881184149778
2017-09-25,77,"Ford Motor Company",0.221881184149778
2017-10-04,18130,"Toyota Motor Engineering & Manufacturing",0.321136388666337
2017-10-05,16,"General Motors, LLC",0.302738459274937
2017-10-05,216913,"Volkswagen Group of America, Inc.",0.0759028747759407
2017-10-06,495290,"Mercedes-Benz USA, LLC",0.0407614668723283
2017-10-16,1101107,"Ford Motor Company",0.256241052722193
2017-10-16,8,"Mercedes-Benz USA, LLC",0.0279518961163484
2017-10-16,2098,"Mercedes-Benz USA, LLC",0.0279518961163484
2017-10-17,3620,"Mercedes-Benz USA, LLC",0.0268147479432401
2017-10-18,6,"Toyota Motor Engineering & Manufacturing",0.231593764508942
2017-10-18,310475,"Toyota Motor Engineering & Manufacturing",0.231593764508942
2017-10-18,5509,"Volkswagen Group of America, Inc.",0.0512497866693325
2017-10-19,35292,"General Motors, LLC",0.217941817436217
2017-10-23,22,"Ford Motor Company",0.217129942246687
2017-10-23,12429,"Ford Motor Company",0.217129942246687
2017-10-23,65206,"Ford Motor Company",0.217129942246687
2017-10-24,11783,"Ford Motor Company",0.212003849546045
2017-10-25,31323,"Volkswagen Group of America, Inc.",0.0405472305559604
2017-10-26,2443,"Honda (American Honda Motor Co.)",0.315968335181068
2017-11-09,5404,"Honda (American Honda Motor Co.)",0.435745264266332
2017-11-14,8043,"Mercedes-Benz USA, LLC",0.0269181071868927
2017-11-14,72,"Mercedes-Benz USA, LLC",0.0269181071868927
2017-11-14,9379,"Mercedes-Benz USA, LLC",0.0269181071868927
2017-11-15,39915,"Toyota Motor Engineering & Manufacturing",0.232098046123233
2017-11-15,28764,"Toyota Motor Engineering & Manufacturing",0.232098046123233
2017-11-17,806936,"Honda (American Honda Motor Co.)",0.36337118140107
2017-11-29,177264,"Ford Motor Company",0.175093622800419
2017-11-29,390,"Ford Motor Company",0.175093622800419
2017-11-29,431,"Toyota Motor Engineering & Manufacturing",0.165524006658382
2017-11-29,58,"Volkswagen Group of America, Inc.",0.0314400750009926
2017-12-01,462,"Ford Motor Company",0.317250246138322
2017-12-06,48693,"Volkswagen Group of America, Inc.",0.0621277714388977
2017-12-11,328213,"Ford Motor Company",0.251373107677472
2017-12-11,328213,"Ford Motor Company",0.251373107677472
2017-12-13,20,"Honda (American Honda Motor Co.)",0.372536401642272
2017-12-18,11113,"Ford Motor Company",0.212936617560666
2017-12-18,2100,"Ford Motor Company",0.212936617560666
2017-12-18,8,"Mercedes-Benz USA, LLC",0.0196767474538281
2017-12-18,432,"Mercedes-Benz USA, LLC",0.0196767474538281
2017-12-18,8700,"Mercedes-Benz USA, LLC",0.0196767474538281
2017-12-18,64,"Mercedes-Benz USA, LLC",0.0196767474538281
2017-12-18,8134,"Mercedes-Benz USA, LLC",0.0196767474538281
2017-12-18,1263,"Mercedes-Benz USA, LLC",0.0196767474538281
2017-12-20,649,"Toyota Motor Engineering & Manufacturing",0.19207127384746
2017-12-20,8037,"Volkswagen Group of America, Inc.",0.0393997486203135
2018-01-04,10166,"Volkswagen Group of America, Inc.",0.139933208236793
2018-01-09,960,"Honda (American Honda Motor Co.)",0.757137758485514
2018-01-09,24945,"Honda (American Honda Motor Co.)",0.757137758485514
2018-01-09,691726,"Honda (American Honda Motor Co.)",0.757137758485514
2018-01-09,628018,"Toyota Motor Engineering & Manufacturing",0.471442613350163
2018-01-09,116126,"Toyota Motor Engineering & Manufacturing",0.471442613350163
2018-01-10,132167,"Mercedes-Benz USA, LLC",0.071720804772224
2018-01-11,33310,"Ford Motor Company",0.474506472655077
2018-01-11,33310,"Ford Motor Company",0.474506472655077
2018-01-11,327796,"Ford Motor Company",0.474506472655077
2018-01-16,361,"Ford Motor Company",0.423919988441314
2018-01-25,471,"Honda (American Honda Motor Co.)",0.530875538546048
2018-01-30,162782,"Volkswagen Group of America, Inc.",0.0693537559925424
2018-01-31,48672,"Toyota Motor Engineering & Manufacturing",0.28527025567637
2018-02-07,3543,"Volkswagen Group of America, Inc.",0.120304810211637
2018-02-09,3768,"Volkswagen Group of America, Inc.",0.114200907125756
2018-02-12,88,"Ford Motor Company",0.434510518252075
2018-02-14,9905,"Toyota Motor Engineering & Manufacturing",0.394294265285628
2018-02-14,11807,"Toyota Motor Engineering & Manufacturing",0.394294265285628
2018-02-20,64901,"Toyota Motor Engineering & Manufacturing",0.343849210756584
2018-02-20,8769,"Toyota Motor Engineering & Manufacturing",0.343849210756584
2018-02-22,55,"Toyota Motor Engineering & Manufacturing",0.328417532879608
2018-03-01,2100,"Ford Motor Company",0.521177463336422
2018-03-06,28,"Mercedes-Benz USA, LLC",0.0680111042829286
2018-03-06,99,"Mercedes-Benz USA, LLC",0.0680111042829286
2018-03-06,363713,"Volkswagen Group of America, Inc.",0.114475353557383
2018-03-08,4,"Volkswagen Group of America, Inc.",0.108614694581812
2018-03-12,1301986,"Ford Motor Company",0.406837011450681
2018-03-12,5361,"Ford Motor Company",0.406837011450681
2018-03-13,254568,"Honda (American Honda Motor Co.)",0.609311588373895
2018-03-15,19,"Toyota Motor Engineering & Manufacturing",0.360708427068343
2018-03-15,121858,"Mercedes-Benz USA, LLC",0.0516073435077331
2018-03-28,1730,"Toyota Motor Engineering & Manufacturing",0.267138237832609
2018-03-29,57,"Mercedes-Benz USA, LLC",0.0315932002722271
2018-03-29,3088,"Mercedes-Benz USA, LLC",0.0315932002722271
2018-04-03,6046,"Toyota Motor Engineering & Manufacturing",0.443382107233696
2018-04-04,142,"Ford Motor Company",0.456445344653827
2018-04-04,292909,"Ford Motor Company",0.456445344653827
2018-04-05,5810,"Honda (American Honda Motor Co.)",0.682127124186163
2018-04-11,342867,"Volkswagen Group of America, Inc.",0.092691484169074
2018-04-12,8738,"General Motors, LLC",0.348833163117569
2018-04-18,71335,"Volkswagen Group of America, Inc.",0.0762457628031056
2018-04-19,379,"General Motors, LLC",0.296890247403134
2018-04-25,7430,"Volkswagen Group of America, Inc.",0.0620791588768486
2018-04-26,6154,"General Motors, LLC",0.252145800058667
2018-04-26,1335,"Honda (American Honda Motor Co.)",0.42664456370393
2018-04-26,69,"Honda (American Honda Motor Co.)",0.42664456370393
2018-04-27,42,"Mercedes-Benz USA, LLC",0.0304896107618495
2018-04-27,42781,"Mercedes-Benz USA, LLC",0.0304896107618495
2018-04-27,9725,"Mercedes-Benz USA, LLC",0.0304896107618495
2018-04-30,25658,"Ford Motor Company",0.251220078597222
2018-05-02,278,"Volkswagen Group of America, Inc.",0.109142229650017
2018-05-03,207483,"General Motors, LLC",0.400791947225663
2018-05-03,23004,"General Motors, LLC",0.400791947225663
2018-05-10,111966,"General Motors, LLC",0.341648364032339
2018-05-14,273,"Ford Motor Company",0.340424737693907
2018-05-16,151,"Ford Motor Company",0.325135951848361
2018-05-16,548,"Volkswagen Group of America, Inc.",0.0742862231521212
2018-05-16,2473,"Volkswagen Group of America, Inc.",0.0742862231521212
2018-05-16,252,"Volkswagen Group of America, Inc.",0.0742862231521212
2018-05-24,88503,"General Motors, LLC",0.246814412229472
2018-05-27,71,"General Motors, LLC",0.22991968136053
2018-05-31,895,"General Motors, LLC",0.209009685357747
2018-05-31,498,"General Motors, LLC",0.209009685357747
2018-06-01,10225,"Volkswagen Group of America, Inc.",0.103757608364095
2018-06-04,139249,"Volkswagen Group of America, Inc.",0.0957227499016192
2018-06-06,821,"Volkswagen Group of America, Inc.",0.0906445755833293
2018-06-07,54729,"Volkswagen Group of America, Inc.",0.0881855106984691
2018-06-11,1474,"Ford Motor Company",0.341142091782614
2018-06-11,25,"Ford Motor Company",0.341142091782614
2018-06-12,5645,"Ford Motor Company",0.333401120689062
2018-06-13,2564,"Volkswagen Group of America, Inc.",0.0744825234436265
2018-06-14,4606,"General Motors, LLC",0.291321151867847
2018-06-14,66,"General Motors, LLC",0.291321151867847
2018-06-15,399,"Mercedes-Benz USA, LLC",0.0384434045156253
2018-06-15,1701,"Mercedes-Benz USA, LLC",0.0384434045156253
2018-06-20,13,"Honda (American Honda Motor Co.)",0.428418614240388
2018-06-22,237947,"Volkswagen Group of America, Inc.",0.0569493170512208
2018-06-25,6633,"Volkswagen Group of America, Inc.",0.0518134153485133
2018-06-26,114998,"Toyota Motor Engineering & Manufacturing",0.228002881114494
2018-06-28,22043,"General Motors, LLC",0.209469751198834
2018-07-10,20,"Mercedes-Benz USA, LLC",0.0413801672272337
2018-07-10,10826,"Mercedes-Benz USA, LLC",0.0413801672272337
2018-07-11,33168,"Volkswagen Group of America, Inc.",0.0725567835320525
2018-07-13,45457,"Volkswagen Group of America, Inc.",0.0684452490248545
2018-07-16,162,"Ford Motor Company",0.284202937278331
2018-07-16,504182,"Ford Motor Company",0.284202937278331
2018-08-02,94,"General Motors, LLC",0.336014578875969
2018-08-03,2933,"Honda (American Honda Motor Co.)",0.550711969750587
2018-08-03,39,"Mercedes-Benz USA, LLC",0.0475175361865691
2018-08-03,86,"Mercedes-Benz USA, LLC",0.0475175361865691
2018-08-03,345,"Mercedes-Benz USA, LLC",0.0475175361865691
2018-08-03,4,"Mercedes-Benz USA, LLC",0.0475175361865691
2018-08-15,8416,"Volkswagen Group of America, Inc.",0.0590675933746685
2018-08-16,9044,"Mercedes-Benz USA, LLC",0.0297331177193093
2018-08-20,87,"Ford Motor Company",0.241739872669252
2018-08-20,9685,"Volkswagen Group of America, Inc.",0.0504716050613181
2018-08-29,19354,"Toyota Motor Engineering & Manufacturing",0.18449776902016
2018-08-30,210628,"General Motors, LLC",0.173342027123166
2018-08-30,42280,"General Motors, LLC",0.173342027123166
2018-08-31,1619112,"Ford Motor Company",0.185794193359713
2018-09-05,192347,"Toyota Motor Engineering & Manufacturing",0.303945382206138
2018-09-07,1015918,"General Motors, LLC",0.27987068520078
2018-09-07,52867,"General Motors, LLC",0.27987068520078
2018-09-07,967,"Honda (American Honda Motor Co.)",0.471764428053629
2018-09-07,793,"Honda (American Honda Motor Co.)",0.471764428053629
2018-09-10,49197,"Ford Motor Company",0.285418689026211
2018-09-11,503,"Ford Motor Company",0.278852682824344
2018-09-11,4702,"Mercedes-Benz USA, LLC",0.0322728068937151
2018-09-11,22,"Mercedes-Benz USA, LLC",0.0322728068937151
2018-09-11,387,"Mercedes-Benz USA, LLC",0.0322728068937151
2018-09-11,375,"Mercedes-Benz USA, LLC",0.0322728068937151
2018-09-13,232140,"Honda (American Honda Motor Co.)",0.412020672035292
2018-09-13,505,"Honda (American Honda Motor Co.)",0.412020672035292
2018-09-17,1916,"Volkswagen Group of America, Inc.",0.0506212803943665
2018-09-20,544,"Toyota Motor Engineering & Manufacturing",0.213675303526958
2018-09-21,30448,"General Motors, LLC",0.200973079558717
2018-09-26,15800,"General Motors, LLC",0.178033990411428
2018-09-26,28,"Volkswagen Group of America, Inc.",0.037252535569656
2018-09-27,54,"Honda (American Honda Motor Co.)",0.299033279027106
2018-09-27,1355406,"Honda (American Honda Motor Co.)",0.299033279027106
2018-09-27,57095,"Honda (American Honda Motor Co.)",0.299033279027106
2018-09-27,118,"Honda (American Honda Motor Co.)",0.299033279027106
2018-10-01,4702,"Mercedes-Benz USA, LLC",0.0417765698513892
2018-10-04,168187,"Toyota Motor Engineering & Manufacturing",0.290797741281406
2018-10-04,807329,"Toyota Motor Engineering & Manufacturing",0.290797741281406
2018-10-09,176,"Ford Motor Company",0.273009347667524
2018-10-11,508,"Toyota Motor Engineering & Manufacturing",0.246897619135244
2018-10-11,681,"Toyota Motor Engineering & Manufacturing",0.246897619135244
2018-10-15,2,"Mercedes-Benz USA, LLC",0.0242984010160072
2018-10-15,4073,"Mercedes-Benz USA, LLC",0.0242984010160072
2018-10-22,1282596,"Ford Motor Company",0.200660536580318
2018-10-25,1295,"Toyota Motor Engineering & Manufacturing",0.176505839622327
2018-10-29,119,"Mercedes-Benz USA, LLC",0.0113289504440153
2018-11-01,215,"Ford Motor Company",0.307278640506619
2018-11-01,12,"General Motors, LLC",0.281069456722111
2018-11-01,64785,"Honda (American Honda Motor Co.)",0.473715325529002
2018-11-01,16992,"Toyota Motor Engineering & Manufacturing",0.291417934179562
2018-11-09,107774,"Honda (American Honda Motor Co.)",0.395389521328913
2018-11-14,268,"Ford Motor Company",0.226637363555578
2018-11-14,144,"Ford Motor Company",0.226637363555578
2018-11-14,34946,"Ford Motor Company",0.226637363555578
2018-11-14,4,"Ford Motor Company",0.226637363555578
2018-11-14,169,"Volkswagen Group of America, Inc.",0.0461589264522604
2018-11-16,7016,"Honda (American Honda Motor Co.)",0.336994629105358
2018-11-19,5987,"Volkswagen Group of America, Inc.",0.0388676819953927
2018-11-26,73549,"Volkswagen Group of America, Inc.",0.0298810901790387
2018-11-27,104663,"Mercedes-Benz USA, LLC",0.0106138086846019
2018-11-27,7,"Mercedes-Benz USA, LLC",0.0106138086846019
2018-11-27,4969,"Mercedes-Benz USA, LLC",0.0106138086846019
2018-11-27,12,"Volkswagen Group of America, Inc.",0.0287032636700646
2018-11-28,2828,"Ford Motor Company",0.161471977334391
2018-11-28,404,"Honda (American Honda Motor Co.)",0.255089180924878
2018-11-29,6373,"Mercedes-Benz USA, LLC",0.00908695139525951
2018-11-29,16,"Mercedes-Benz USA, LLC",0.00908695139525951
2018-12-05,845,"Volkswagen Group of America, Inc.",0.056159023746576
2018-12-05,1104,"Volkswagen Group of America, Inc.",0.056159023746576
2018-12-05,516,"Volkswagen Group of America, Inc.",0.056159023746576
2018-12-06,154,"General Motors, LLC",0.233447375511225
2018-12-07,2,"Mercedes-Benz USA, LLC",0.0266932590891112
2018-12-12,168993,"Toyota Motor Engineering & Manufacturing",0.210002674444608
2018-12-13,44121,"Toyota Motor Engineering & Manufacturing",0.205026864910944
2018-12-13,89740,"Toyota Motor Engineering & Manufacturing",0.205026864910944
2018-12-17,36,"Volkswagen Group of America, Inc.",0.0376246471026938
2018-12-18,410289,"Ford Motor Company",0.192054894347171
2018-12-19,175,"General Motors, LLC",0.170671750108139
2018-12-19,3424,"Toyota Motor Engineering & Manufacturing",0.17729947347768
2018-12-19,280,"Toyota Motor Engineering & Manufacturing",0.17729947347768
2018-12-19,6200,"Mercedes-Benz USA, LLC",0.0148078865043938
2018-12-19,5754,"Mercedes-Benz USA, LLC",0.0148078865043938
2018-12-19,104,"Mercedes-Benz USA, LLC",0.0148078865043938
2018-12-19,2364,"Mercedes-Benz USA, LLC",0.0148078865043938
2018-12-19,675,"Mercedes-Benz USA, LLC",0.0148078865043938
2018-12-19,809,"Mercedes-Benz USA, LLC",0.0148078865043938
2018-12-19,13,"Mercedes-Benz USA, LLC",0.0148078865043938
2018-12-19,6322,"Volkswagen Group of America, Inc.",0.0349707160997238
2018-12-20,1082,"Honda (American Honda Motor Co.)",0.287304502610126
2019-01-02,63,"Ford Motor Company",0.527330969604243
2019-01-07,782384,"Ford Motor Company",0.47140524794013
2019-01-09,1299448,"Toyota Motor Engineering & Manufacturing",0.42796683494541
2019-01-09,288779,"Mercedes-Benz USA, LLC",0.0651021748141103
2019-01-11,119394,"Volkswagen Group of America, Inc.",0.104449098736567
2019-01-14,2276,"Ford Motor Company",0.402475775666432
2019-01-16,1145,"General Motors, LLC",0.352307804659219
2019-01-16,74881,"Volkswagen Group of America, Inc.",0.091266173547799
2019-01-24,106683,"Honda (American Honda Motor Co.)",0.493151364766233
2019-01-24,4455,"Honda (American Honda Motor Co.)",0.493151364766233
2019-01-28,8985,"Volkswagen Group of America, Inc.",0.0648098038978749
2019-01-29,437032,"Honda (American Honda Motor Co.)",0.440680347580705
2019-02-01,2992,"Ford Motor Company",0.505281282284259
2019-02-07,26772,"General Motors, LLC",0.404748266355213
2019-02-07,18574,"General Motors, LLC",0.404748266355213
2019-02-11,27609,"Ford Motor Company",0.403314615099021
2019-02-11,4212,"Ford Motor Company",0.403314615099021
2019-02-11,1263051,"Ford Motor Company",0.403314615099021
2019-02-13,4064,"Volkswagen Group of America, Inc.",0.0914957176846978
2019-02-13,3326,"Volkswagen Group of America, Inc.",0.0914957176846978
2019-02-14,205,"Toyota Motor Engineering & Manufacturing",0.357561440864441
2019-02-15,2108,"Ford Motor Company",0.368236116368358
2019-02-20,4,"Volkswagen Group of America, Inc.",0.0752157106822235
2019-02-20,34,"Volkswagen Group of America, Inc.",0.0752157106822235
2019-02-21,5,"General Motors, LLC",0.293636883850036
2019-02-26,22637,"Mercedes-Benz USA, LLC",0.0336111259247892
2019-02-26,8,"Mercedes-Benz USA, LLC",0.0336111259247892
2019-02-26,12,"Mercedes-Benz USA, LLC",0.0336111259247892
2019-02-27,6296,"Toyota Motor Engineering & Manufacturing",0.264752757732505
2019-03-06,1101534,"Honda (American Honda Motor Co.)",0.647057879900393
2019-03-06,56173,"Volkswagen Group of America, Inc.",0.102199385217376
2019-03-07,120,"General Motors, LLC",0.378863351017694
2019-03-20,5,"Mercedes-Benz USA, LLC",0.0376696543811257
2019-03-20,3,"Volkswagen Group of America, Inc.",0.069134374663512
2019-03-27,3634,"Toyota Motor Engineering & Manufacturing",0.247281008595286
2019-03-27,8,"Volkswagen Group of America, Inc.",0.0559532969035347
2019-03-28,322897,"Honda (American Honda Motor Co.)",0.395157030885038
2019-04-08,131068,"Ford Motor Company",0.378305828597493
2019-04-08,12645,"Volkswagen Group of America, Inc.",0.0894694346553403
2019-04-10,564,"Toyota Motor Engineering & Manufacturing",0.342998149455494
2019-04-12,50504,"Honda (American Honda Motor Co.)",0.530681800133233
2019-04-12,93946,"Honda (American Honda Motor Co.)",0.530681800133233
2019-04-18,112958,"General Motors, LLC",0.275017461384172
2019-04-18,1082,"Honda (American Honda Motor Co.)",0.46386622399826
2019-04-18,1051,"Mercedes-Benz USA, LLC",0.0364495846184611
2019-04-23,43221,"Toyota Motor Engineering & Manufacturing",0.253713484091908
2019-04-23,274,"Toyota Motor Engineering & Manufacturing",0.253713484091908
2019-04-25,318374,"General Motors, LLC",0.233304236991959
2019-05-13,2534,"Ford Motor Company",0.31560269754363
2019-05-13,259182,"Ford Motor Company",0.31560269754363
2019-05-16,19138,"Honda (American Honda Motor Co.)",0.454476342851558
2019-05-21,161252,"Honda (American Honda Motor Co.)",0.405914404546573
2019-05-22,662185,"Volkswagen Group of America, Inc.",0.0545400785600183
2019-05-23,1159,"General Motors, LLC",0.228334025266489
2019-05-23,23241,"Volkswagen Group of America, Inc.",0.0528423009321462
2019-06-04,3898,"Honda (American Honda Motor Co.)",0.557197631637301
2019-06-05,66,"Volkswagen Group of America, Inc.",0.0827439503871452
2019-06-05,126161,"Volkswagen Group of America, Inc.",0.0827439503871452
2019-06-06,49898,"Honda (American Honda Motor Co.)",0.532863623766104
2019-06-10,1194173,"Ford Motor Company",0.316271454313393
2019-06-10,3868,"Ford Motor Company",0.316271454313393
2019-06-10,107857,"Ford Motor Company",0.316271454313393
2019-06-10,1646,"Volkswagen Group of America, Inc.",0.0717548736517599
2019-06-14,1002,"Mercedes-Benz USA, LLC",0.0340791597479844
2019-06-14,753,"Mercedes-Benz USA, LLC",0.0340791597479844
2019-06-14,11,"Mercedes-Benz USA, LLC",0.0340791597479844
2019-06-19,28,"Volkswagen Group of America, Inc.",0.0546977192699267
2019-06-19,138896,"Volkswagen Group of America, Inc.",0.0546977192699267
2019-06-26,464,"Toyota Motor Engineering & Manufacturing",0.205804329681129
2019-06-27,3947,"Honda (American Honda Motor Co.)",0.331234959472615
2019-06-27,1558,"Honda (American Honda Motor Co.)",0.331234959472615
2019-06-27,1657752,"Honda (American Honda Motor Co.)",0.331234959472615
2019-06-27,9555,"Honda (American Honda Motor Co.)",0.331234959472615
2019-06-28,1325,"Toyota Motor Engineering & Manufacturing",0.196132812016604
2019-07-05,57488,"Ford Motor Company",0.331873490746346
2019-07-10,7579,"Ford Motor Company",0.295703639016467
2019-07-17,27822,"Volkswagen Group of America, Inc.",0.0531512365600583
2019-07-19,1957,"Mercedes-Benz USA, LLC",0.0247644825214298
2019-07-24,6925,"Toyota Motor Engineering & Manufacturing",0.201361266862576
2019-07-24,145337,"Volkswagen Group of America, Inc.",0.042185169499963
2019-08-01,134,"Honda (American Honda Motor Co.)",0.52322426681737
2019-08-01,680,"Toyota Motor Engineering & Manufacturing",0.322865096560256
2019-08-02,457,"Mercedes-Benz USA, LLC",0.042538562266482
2019-08-02,128,"Mercedes-Benz USA, LLC",0.042538562266482
2019-08-05,13896,"Ford Motor Company",0.310368055901024
2019-08-06,14215,"Toyota Motor Engineering & Manufacturing",0.287605768515101
2019-08-09,26584,"Mercedes-Benz USA, LLC",0.0330432443773243
2019-08-09,1,"Mercedes-Benz USA, LLC",0.0330432443773243
2019-08-12,103374,"Ford Motor Company",0.263755797001621
2019-08-12,18392,"Mercedes-Benz USA, LLC",0.0293879066737228
2019-08-12,3435,"Mercedes-Benz USA, LLC",0.0293879066737228
2019-08-16,3264,"Mercedes-Benz USA, LLC",0.0248638276952483
2019-08-21,6,"Volkswagen Group of America, Inc.",0.042318621406192
2019-08-22,679027,"Volkswagen Group of America, Inc.",0.0408785413052213
2019-08-28,2624,"Ford Motor Company",0.180044270112673
2019-08-28,639137,"Ford Motor Company",0.180044270112673
2019-08-28,229460,"Toyota Motor Engineering & Manufacturing",0.170239037489616
2019-08-29,116160,"Ford Motor Company",0.17570015339675
2019-09-06,177282,"General Motors, LLC",0.259150893366502
2019-09-06,91399,"General Motors, LLC",0.259150893366502
2019-09-06,3420,"General Motors, LLC",0.259150893366502
2019-09-09,1478,"Mercedes-Benz USA, LLC",0.0294963037230804
2019-09-11,311907,"Ford Motor Company",0.25220973456843
2019-09-12,93722,"General Motors, LLC",0.224927024243971
2019-09-19,10740,"General Motors, LLC",0.190155543926618
2019-09-19,301,"General Motors, LLC",0.190155543926618
2019-09-20,34,"Toyota Motor Engineering & Manufacturing",0.192729017356459
2019-09-23,4765,"Mercedes-Benz USA, LLC",0.0151859873494459
2019-09-25,113,"Volkswagen Group of America, Inc.",0.0329689664946739
2019-09-26,336468,"Honda (American Honda Motor Co.)",0.277015312834256
2019-09-27,2222,"Mercedes-Benz USA, LLC",0.0118223801814701
2019-09-30,28579,"Ford Motor Company",0.159583148174802
2019-09-30,10655,"Ford Motor Company",0.159583148174802
2019-10-03,7173,"General Motors, LLC",0.259709127136699
2019-10-03,166,"General Motors, LLC",0.259709127136699
2019-10-03,4348,"Honda (American Honda Motor Co.)",0.438953227564717
2019-10-04,13799,"Mercedes-Benz USA, LLC",0.0320251973205637
2019-10-10,17965,"Ford Motor Company",0.241123789480588
2019-10-15,81,"General Motors, LLC",0.195243294804581
2019-10-16,174278,"Volkswagen Group of America, Inc.",0.0411405850752275
2019-10-17,645,"Honda (American Honda Motor Co.)",0.319018235746907
2019-10-17,928220,"Toyota Motor Engineering & Manufacturing",0.193157208427764
2019-10-24,652967,"General Motors, LLC",0.156633919405406
2019-10-24,341,"General Motors, LLC",0.156633919405406
2019-10-25,293558,"Ford Motor Company",0.168042276295855
2019-10-25,366,"Ford Motor Company",0.168042276295855
2019-10-25,36,"Mercedes-Benz USA, LLC",0.0110977798102948
2019-10-28,18,"Ford Motor Company",0.156026104535595
2019-10-31,10,"Honda (American Honda Motor Co.)",0.230022016355505
2019-11-01,24226,"Mercedes-Benz USA, LLC",0.0321387577349782
2019-11-01,29720,"Mercedes-Benz USA, LLC",0.0321387577349782
2019-11-07,476,"General Motors, LLC",0.220599209123138
2019-11-12,54411,"Ford Motor Company",0.214596549872656
2019-11-12,86296,"Ford Motor Company",0.214596549872656
2019-11-12,135725,"Ford Motor Company",0.214596549872656
2019-11-14,556399,"General Motors, LLC",0.186427495681208
2019-11-15,6,"Mercedes-Benz USA, LLC",0.0171467863907434
2019-11-18,2427,"Mercedes-Benz USA, LLC",0.0144759568382417
2019-11-18,3,"Mercedes-Benz USA, LLC",0.0144759568382417
2019-11-21,72718,"Ford Motor Company",0.172609484267881
2019-11-21,502,"General Motors, LLC",0.156991442434244
2019-12-04,3857,"Ford Motor Company",0.242170692861372
2019-12-04,231664,"Ford Motor Company",0.242170692861372
2019-12-04,226,"Volkswagen Group of America, Inc.",0.050594630249578
2019-12-05,358,"Honda (American Honda Motor Co.)",0.367612957435945
2019-12-06,99,"Mercedes-Benz USA, LLC",0.023125030645797
2019-12-06,1,"Mercedes-Benz USA, LLC",0.023125030645797
2019-12-06,2167,"Volkswagen Group of America, Inc.",0.0473995043808743
2019-12-11,490574,"Ford Motor Company",0.205009512208232
2019-12-11,9468,"Toyota Motor Engineering & Manufacturing",0.194016107186823
2019-12-11,3751,"Toyota Motor Engineering & Manufacturing",0.194016107186823
2019-12-11,8,"Volkswagen Group of America, Inc.",0.0399828684764949
2019-12-12,463995,"General Motors, LLC",0.182355869636868
2019-12-12,350371,"General Motors, LLC",0.182355869636868
2019-12-16,129,"Mercedes-Benz USA, LLC",0.0137004897489264
2019-12-18,600166,"Ford Motor Company",0.172998284726626
2019-12-18,33,"Ford Motor Company",0.172998284726626
2019-12-20,75,"Mercedes-Benz USA, LLC",0.0104582660398061
2019-12-20,747928,"Mercedes-Benz USA, LLC",0.0104582660398061
2019-12-20,10041,"Mercedes-Benz USA, LLC",0.0104582660398061
2020-01-13,1830752,"Toyota Motor Engineering & Manufacturing",0.354440065907245
2020-01-14,699,"General Motors, LLC",0.334276958592822
2020-01-17,1439841,"Honda (American Honda Motor Co.)",0.52399589438497
2020-01-17,875966,"Honda (American Honda Motor Co.)",0.52399589438497
2020-01-17,2891976,"Toyota Motor Engineering & Manufacturing",0.323355220097222
2020-01-22,138842,"Toyota Motor Engineering & Manufacturing",0.288046352802374
2020-01-23,2866,"General Motors, LLC",0.271402277808399
2020-01-23,554,"General Motors, LLC",0.271402277808399
2020-01-27,2518,"Mercedes-Benz USA, LLC",0.030659944818417
2020-01-28,28,"Mercedes-Benz USA, LLC",0.0294656956429916
2020-01-28,22,"Mercedes-Benz USA, LLC",0.0294656956429916
2020-01-30,148055,"General Motors, LLC",0.230190060806008
2020-01-31,106857,"Volkswagen Group of America, Inc.",0.0517434437796411
2020-01-31,7,"Volkswagen Group of America, Inc.",0.0517434437796411
2020-02-06,241339,"Honda (American Honda Motor Co.)",0.62750457042691
2020-02-06,10050,"Honda (American Honda Motor Co.)",0.62750457042691
2020-02-06,44191,"Toyota Motor Engineering & Manufacturing",0.389102013678248
2020-02-07,239,"Mercedes-Benz USA, LLC",0.0555482141972181
2020-02-10,211207,"Ford Motor Company",0.374232085632881
2020-02-12,8572,"Volkswagen Group of America, Inc.",0.0835374316696512
2020-02-14,2101,"Mercedes-Benz USA, LLC",0.0442499638650194
2020-02-14,6300,"Mercedes-Benz USA, LLC",0.0442499638650194
2020-02-19,383,"Volkswagen Group of America, Inc.",0.0683603175134973
2020-02-21,13854,"Ford Motor Company",0.290599177036619
2020-02-21,166196,"Ford Motor Company",0.290599177036619
2020-02-21,319,"Ford Motor Company",0.290599177036619
2020-02-24,1,"Mercedes-Benz USA, LLC",0.0307708323014026
2020-02-27,20352,"General Motors, LLC",0.230691594207979
2020-03-06,732,"Volkswagen Group of America, Inc.",0.0909963664828603
2020-03-09,5384,"Ford Motor Company",0.358283478440962
2020-03-12,1909,"General Motors, LLC",0.306136324428108
2020-03-16,229,"Volkswagen Group of America, Inc.",0.0685450158929704
2020-03-19,38810,"Toyota Motor Engineering & Manufacturing",0.269752611198161
2020-03-19,5471,"Volkswagen Group of America, Inc.",0.0626909630123667
2020-03-20,9791,"Mercedes-Benz USA, LLC",0.0321066916752482
2020-03-20,224,"Mercedes-Benz USA, LLC",0.0321066916752482
2020-03-23,288110,"Ford Motor Company",0.259158285098206
2020-03-23,2871,"Ford Motor Company",0.259158285098206
2020-03-26,897,"General Motors, LLC",0.220463159607093
2020-04-03,55158,"Ford Motor Company",0.384454957473667
2020-04-08,960,"Toyota Motor Engineering & Manufacturing",0.325411044460262
2020-04-16,1355,"Ford Motor Company",0.285138595018224
2020-04-16,14876,"General Motors, LLC",0.260670629275883
2020-04-21,6,"Mercedes-Benz USA, LLC",0.0274648821040885
2020-04-21,149,"Mercedes-Benz USA, LLC",0.0274648821040885
2020-04-22,120,"Mercedes-Benz USA, LLC",0.0263380029443186
2020-04-24,130,"Ford Motor Company",0.236371767361956
2020-05-01,6659,"Mercedes-Benz USA, LLC",0.0509491537810808
2020-05-01,26,"Mercedes-Benz USA, LLC",0.0509491537810808
2020-05-07,2281,"General Motors, LLC",0.300407745009
2020-05-08,10460,"Ford Motor Company",0.320798116225934
2020-05-08,5088,"Ford Motor Company",0.320798116225934
2020-05-08,25081,"Ford Motor Company",0.320798116225934
2020-05-13,153,"Volkswagen Group of America, Inc.",0.0630385003906717
2020-05-13,3024,"Volkswagen Group of America, Inc.",0.0630385003906717
2020-05-13,531,"Volkswagen Group of America, Inc.",0.0630385003906717
2020-05-20,9502,"Toyota Motor Engineering & Manufacturing",0.229767490884805
2020-05-21,20,"General Motors, LLC",0.216212340867235
2020-05-22,640,"Mercedes-Benz USA, LLC",0.023194020293115
2020-05-27,24,"Ford Motor Company",0.205334049004221
2020-05-27,1616,"Ford Motor Company",0.205334049004221
2020-05-28,135995,"Honda (American Honda Motor Co.)",0.313543816491415
2020-05-29,12200,"General Motors, LLC",0.178249547856097
2020-06-04,272,"General Motors, LLC",0.30104675265459
2020-06-04,128,"Honda (American Honda Motor Co.)",0.506226655257764
2020-06-05,1352,"Mercedes-Benz USA, LLC",0.0404179987238946
2020-06-05,38,"Mercedes-Benz USA, LLC",0.0404179987238946
2020-06-08,292311,"Ford Motor Company",0.299958266780359
2020-06-08,2147323,"Ford Motor Company",0.299958266780359
2020-06-17,1,"Volkswagen Group of America, Inc.",0.0508523414287643
2020-06-22,90,"Mercedes-Benz USA, LLC",0.0202389783360484
2020-06-23,2620,"Ford Motor Company",0.210779099548295
2020-06-23,13,"Ford Motor Company",0.210779099548295
2020-06-24,266638,"Toyota Motor Engineering & Manufacturing",0.194756514403058
2020-06-24,46,"Toyota Motor Engineering & Manufacturing",0.194756514403058
2020-06-24,2,"Volkswagen Group of America, Inc.",0.0402048649533692
2020-07-06,5399,"Mercedes-Benz USA, LLC",0.0351119954397791
2020-07-07,12964,"Volkswagen Group of America, Inc.",0.063387399938883
2020-07-15,183397,"Toyota Motor Engineering & Manufacturing",0.225356183444217
2020-07-17,19299,"Ford Motor Company",0.226904274930648
2020-07-17,1229,"Ford Motor Company",0.226904274930648
2020-07-17,68,"Ford Motor Company",0.226904274930648
2020-07-17,3615,"Mercedes-Benz USA, LLC",0.0223458606929829
2020-07-24,1,"Mercedes-Benz USA, LLC",0.015648932566544
2020-07-28,499344,"Honda (American Honda Motor Co.)",0.273962217913831
2020-07-28,212070,"Honda (American Honda Motor Co.)",0.273962217913831
2020-07-28,607786,"Honda (American Honda Motor Co.)",0.273962217913831
2020-07-28,324196,"Honda (American Honda Motor Co.)",0.273962217913831
2020-07-30,769,"General Motors, LLC",0.150636365146801
2020-07-31,56,"Mercedes-Benz USA, LLC",0.00988009298944932
2020-08-06,5141,"General Motors, LLC",0.250867213466855
2020-08-07,1,"Mercedes-Benz USA, LLC",0.0302300186056092
2020-08-10,431,"Ford Motor Company",0.249945747717921
2020-08-10,2965,"Ford Motor Company",0.249945747717921
2020-08-11,488594,"Ford Motor Company",0.244127712002068
2020-08-14,10644,"Mercedes-Benz USA, LLC",0.0224404706179771
2020-08-18,7071,"General Motors, LLC",0.188396575237622
2020-08-21,488,"Ford Motor Company",0.192285266165372
2020-08-26,11,"Volkswagen Group of America, Inc.",0.0300495886394228
2020-08-26,5376,"Volkswagen Group of America, Inc.",0.0300495886394228
2020-08-27,95,"General Motors, LLC",0.150982145987832
2020-09-02,1829,"Volkswagen Group of America, Inc.",0.0618459521179792
2020-09-03,105,"General Motors, LLC",0.251409229205348
2020-09-10,97,"Ford Motor Company",0.233363840243537
2020-09-10,29,"Ford Motor Company",0.233363840243537
2020-09-14,36,"Mercedes-Benz USA, LLC",0.0195307139612711
2020-09-16,23,"Volkswagen Group of America, Inc.",0.0391906282148936
2020-09-17,151343,"Honda (American Honda Motor Co.)",0.308995265770982
2020-09-23,62,"Ford Motor Company",0.170608428661581
2020-09-23,38005,"Ford Motor Company",0.170608428661581
2020-09-23,620246,"Ford Motor Company",0.170608428661581
2020-09-23,9628,"Ford Motor Company",0.170608428661581
2020-09-23,123,"Ford Motor Company",0.170608428661581
2020-09-23,6,"Volkswagen Group of America, Inc.",0.0301592811491604
2020-09-24,3677,"General Motors, LLC",0.151328603808746
2020-09-24,5,"General Motors, LLC",0.151328603808746
2020-09-30,52,"Ford Motor Company",0.143364648451604
2020-10-01,14620,"General Motors, LLC",0.246091960788105
2020-10-02,7,"Mercedes-Benz USA, LLC",0.0292604963633088
2020-10-02,7,"Mercedes-Benz USA, LLC",0.0292604963633088
2020-10-09,12799,"Mercedes-Benz USA, LLC",0.0216053088577403
2020-10-09,2,"Mercedes-Benz USA, LLC",0.0216053088577403
2020-10-09,7,"Mercedes-Benz USA, LLC",0.0216053088577403
2020-10-14,3121,"Toyota Motor Engineering & Manufacturing",0.187207368631025
2020-10-15,2903,"Ford Motor Company",0.193140747353866
2020-10-15,689,"Ford Motor Company",0.193140747353866
2020-10-15,2781,"General Motors, LLC",0.175908011199364
2020-10-15,1788,"General Motors, LLC",0.175908011199364
2020-10-19,1,"Volkswagen Group of America, Inc.",0.0314807447033001
2020-10-21,218192,"Volkswagen Group of America, Inc.",0.0290831786004587
2020-10-22,42,"General Motors, LLC",0.147929792486126
2020-10-23,2533,"Mercedes-Benz USA, LLC",0.00933057601695519
2020-10-27,94144,"Volkswagen Group of America, Inc.",0.022474212112634
2020-10-29,194105,"General Motors, LLC",0.123828913342403
2020-10-30,454941,"Ford Motor Company",0.13318783576033
2020-10-30,1337,"Mercedes-Benz USA, LLC",0.00443736094316035
2020-10-30,47,"Mercedes-Benz USA, LLC",0.00443736094316035
2020-10-30,55326,"Mercedes-Benz USA, LLC",0.00443736094316035
2020-11-04,1525742,"Toyota Motor Engineering & Manufacturing",0.221989076363287
2020-11-05,7516,"General Motors, LLC",0.208846201707689
2020-11-10,10905,"Ford Motor Company",0.203129656860733
2020-11-10,15587,"Ford Motor Company",0.203129656860733
2020-11-10,225,"Ford Motor Company",0.203129656860733
2020-11-12,413,"Toyota Motor Engineering & Manufacturing",0.18312079311183
2020-11-13,50932,"General Motors, LLC",0.17203803437091
2020-11-13,760,"Volkswagen Group of America, Inc.",0.0353941760662317
2020-11-17,776,"Volkswagen Group of America, Inc.",0.0303793108667455
2020-11-18,32048,"Volkswagen Group of America, Inc.",0.0291909790442513
2020-11-20,690,"Ford Motor Company",0.159156127342293
2020-11-20,214,"Honda (American Honda Motor Co.)",0.251616737730319
2020-11-20,10835,"Volkswagen Group of America, Inc.",0.0268889573537947
2020-11-24,17,"Ford Motor Company",0.144028385679497
2020-11-25,9279,"General Motors, LLC",0.127355345576642
2020-11-25,94,"General Motors, LLC",0.127355345576642
2020-11-25,161,"Toyota Motor Engineering & Manufacturing",0.13252316824555
2020-11-25,5426,"Volkswagen Group of America, Inc.",0.0215454255420019
2020-12-02,166,"Volkswagen Group of America, Inc.",0.0469448245404778
2020-12-04,26,"Mercedes-Benz USA, LLC",0.0207845526492641
2020-12-09,2355,"Volkswagen Group of America, Inc.",0.0368388682384994
2020-12-10,220006,"General Motors, LLC",0.17242571602827
2020-12-10,737233,"Honda (American Honda Motor Co.)",0.29690698827446
2020-12-10,235034,"Honda (American Honda Motor Co.)",0.29690698827446
2020-12-10,248358,"Honda (American Honda Motor Co.)",0.29690698827446
2020-12-10,268655,"Honda (American Honda Motor Co.)",0.29690698827446
2020-12-11,9,"Mercedes-Benz USA, LLC",0.0143039971775732
2020-12-11,2563,"Mercedes-Benz USA, LLC",0.0143039971775732
2020-12-16,313,"Volkswagen Group of America, Inc.",0.0281334379907011
2020-12-16,105652,"Volkswagen Group of America, Inc.",0.0281334379907011
2020-12-17,12,"Ford Motor Company",0.159518588423879
2020-12-17,29344,"Ford Motor Company",0.159518588423879
2020-12-17,1405,"Ford Motor Company",0.159518588423879
2020-12-17,624216,"General Motors, LLC",0.144930088469172
2020-12-17,3203,"General Motors, LLC",0.144930088469172
2020-12-17,2690,"Honda (American Honda Motor Co.)",0.252160220909427
2020-12-17,27838,"Honda (American Honda Motor Co.)",0.252160220909427
2020-12-18,1142,"Mercedes-Benz USA, LLC",0.00872154442000909
2020-12-22,464,"General Motors, LLC",0.127655546154059
2020-12-23,470,"General Motors, LLC",0.124416080416479
2021-01-15,283,"Ford Motor Company",0.323328978765528
2021-01-15,147,"Ford Motor Company",0.323328978765528
2021-01-27,1,"Volkswagen Group of America, Inc.",0.0512618469573074
2021-01-27,10303,"Volkswagen Group of America, Inc.",0.0512618469573074
2021-01-29,231,"Mercedes-Benz USA, LLC",0.0235528906876266
2021-01-29,24550,"Mercedes-Benz USA, LLC",0.0235528906876266
2021-01-29,4,"Mercedes-Benz USA, LLC",0.0235528906876266
2021-02-01,57,"Volkswagen Group of America, Inc.",0.100368453275759
2021-02-03,1081,"Toyota Motor Engineering & Manufacturing",0.377831987920478
2021-02-05,2641272,"General Motors, LLC",0.34836574366938
2021-02-05,1778128,"General Motors, LLC",0.34836574366938
2021-02-05,692526,"General Motors, LLC",0.34836574366938
2021-02-05,557023,"General Motors, LLC",0.34836574366938
2021-02-05,284645,"General Motors, LLC",0.34836574366938
2021-02-05,8,"Mercedes-Benz USA, LLC",0.0516622978482616
2021-02-05,1292258,"Mercedes-Benz USA, LLC",0.0516622978482616
2021-02-05,8199,"Mercedes-Benz USA, LLC",0.0516622978482616
2021-02-11,18,"General Motors, LLC",0.303433464602458
2021-02-12,41838,"Mercedes-Benz USA, LLC",0.0409025741956218
2021-02-12,67,"Mercedes-Benz USA, LLC",0.0409025741956218
2021-02-16,249,"Ford Motor Company",0.295414293938322
2021-02-16,1067,"Ford Motor Company",0.295414293938322
2021-02-16,106,"Ford Motor Company",0.295414293938322
2021-02-16,1638,"Ford Motor Company",0.295414293938322
2021-02-17,144340,"Ford Motor Company",0.288637523779806
2021-02-17,26967,"Volkswagen Group of America, Inc.",0.06386371727507
2021-02-18,79017,"Ford Motor Company",0.282003646313075
2021-02-18,9979,"Ford Motor Company",0.282003646313075
2021-02-22,36,"Mercedes-Benz USA, LLC",0.0280659201617858
2021-02-24,238,"Volkswagen Group of America, Inc.",0.0514130694491422
2021-02-25,33838,"General Motors, LLC",0.218457537207976
2021-02-26,7,"Mercedes-Benz USA, LLC",0.0236498637713809
2021-02-26,2529,"Mercedes-Benz USA, LLC",0.0236498637713809
2021-03-03,128,"Volkswagen Group of America, Inc.",0.0878203418755025
2021-03-05,1258,"Ford Motor Company",0.355902423127348
2021-03-05,2535,"Volkswagen Group of America, Inc.",0.0830719091306806
2021-03-10,2602668,"Ford Motor Company",0.317303846410574
2021-03-10,49,"Ford Motor Company",0.317303846410574
2021-03-10,15769,"Ford Motor Company",0.317303846410574
2021-03-10,3421,"Volkswagen Group of America, Inc.",0.0720496839564689
2021-03-11,1093,"Honda (American Honda Motor Co.)",0.477894042884782
2021-03-18,94641,"General Motors, LLC",0.240729382084137
2021-03-18,10154,"General Motors, LLC",0.240729382084137
2021-03-18,8,"General Motors, LLC",0.240729382084137
2021-03-19,11356,"Mercedes-Benz USA, LLC",0.0281717289871404
2021-03-19,15096,"Mercedes-Benz USA, LLC",0.0281717289871404
2021-03-22,153152,"Volkswagen Group of America, Inc.",0.0499295505719524
2021-03-24,16128,"Ford Motor Company",0.228749875780131
2021-03-25,60681,"General Motors, LLC",0.203767944358372
2021-03-25,30,"General Motors, LLC",0.203767944358372
2021-03-25,5,"General Motors, LLC",0.203767944358372
2021-03-25,624552,"Honda (American Honda Motor Co.)",0.347913767325945
2021-03-26,109,"Mercedes-Benz USA, LLC",0.0206674274572974
2021-03-26,493,"Mercedes-Benz USA, LLC",0.0206674274572974
2021-03-30,34952,"Ford Motor Company",0.198175024258776
2021-04-01,8634,"Mercedes-Benz USA, LLC",0.048714234443138
2021-04-01,4992,"Mercedes-Benz USA, LLC",0.048714234443138
2021-04-01,6,"Mercedes-Benz USA, LLC",0.048714234443138
2021-04-01,5215,"Mercedes-Benz USA, LLC",0.048714234443138
2021-04-01,2362,"Mercedes-Benz USA, LLC",0.048714234443138
2021-04-08,2568,"General Motors, LLC",0.284243334482269
2021-04-08,108,"General Motors, LLC",0.284243334482269
2021-04-08,89,"Honda (American Honda Motor Co.)",0.478880538415072
2021-04-13,279040,"Toyota Motor Engineering & Manufacturing",0.262286364707002
2021-04-21,149,"Volkswagen Group of America, Inc.",0.0469045892017869
2021-04-23,6331,"Mercedes-Benz USA, LLC",0.0207587512964265
2021-04-26,40993,"Volkswagen Group of America, Inc.",0.0395379768624492
2021-05-05,616967,"Ford Motor Company",0.311382640456603
2021-05-05,46,"Volkswagen Group of America, Inc.",0.070358821990069
2021-05-07,2503,"Ford Motor Company",0.297305686094325
2021-05-12,15,"Volkswagen Group of America, Inc.",0.057008055154504
2021-05-13,196,"General Motors, LLC",0.236128994996289
2021-05-14,17800,"Mercedes-Benz USA, LLC",0.0272377098043006
2021-05-14,343191,"Mercedes-Benz USA, LLC",0.0272377098043006
2021-05-24,82,"Ford Motor Company",0.199053590305902
2021-05-24,1796,"Ford Motor Company",0.199053590305902
2021-05-24,4436,"Ford Motor Company",0.199053590305902
2021-05-24,192080,"Ford Motor Company",0.199053590305902
2021-05-24,28528,"Honda (American Honda Motor Co.)",0.311439988036214
2021-05-25,17616,"Ford Motor Company",0.194308649470537
2021-05-28,17,"Mercedes-Benz USA, LLC",0.0135100267572505
2021-05-28,218,"Mercedes-Benz USA, LLC",0.0135100267572505
2021-05-28,16,"Mercedes-Benz USA, LLC",0.0135100267572505
2021-05-28,5680,"Mercedes-Benz USA, LLC",0.0135100267572505
2021-05-29,223,"Ford Motor Company",0.176308513586484
2021-06-02,3240,"Volkswagen Group of America, Inc.",0.0705474331002768
2021-06-03,285622,"General Motors, LLC",0.278892383224334
2021-06-03,896,"General Motors, LLC",0.278892383224334
2021-06-03,572,"General Motors, LLC",0.278892383224334
2021-06-07,649,"Honda (American Honda Motor Co.)",0.429630728246016
2021-06-10,135400,"General Motors, LLC",0.236642155817976
2021-06-17,26847,"General Motors, LLC",0.20024714314928
2021-06-23,62812,"Volkswagen Group of America, Inc.",0.0357212896402582
2021-06-24,380498,"General Motors, LLC",0.168895904860915
2021-06-24,6,"General Motors, LLC",0.168895904860915
2021-06-25,1522,"Mercedes-Benz USA, LLC",0.0135873376271584
2021-06-25,4917,"Mercedes-Benz USA, LLC",0.0135873376271584
2021-06-30,379,"Volkswagen Group of America, Inc.",0.0271707381488728
2021-07-01,410019,"General Motors, LLC",0.273048287045958
2021-07-01,338020,"General Motors, LLC",0.273048287045958
2021-07-01,7199,"General Motors, LLC",0.273048287045958
2021-07-01,12,"General Motors, LLC",0.273048287045958
2021-07-02,1467,"Mercedes-Benz USA, LLC",0.034733454473776
2021-07-08,28,"General Motors, LLC",0.231607959140083
2021-07-12,1690,"Mercedes-Benz USA, LLC",0.0230808636029661
2021-07-12,542,"Mercedes-Benz USA, LLC",0.0230808636029661
2021-07-15,27604,"Ford Motor Company",0.214850739021505
2021-07-15,56,"Ford Motor Company",0.214850739021505
2021-07-15,631176,"Ford Motor Company",0.214850739021505
2021-07-15,33298,"Ford Motor Company",0.214850739021505
2021-07-16,371,"Mercedes-Benz USA, LLC",0.0190721477612691
2021-07-23,57414,"General Motors, LLC",0.161130064646724
2021-07-23,3,"Mercedes-Benz USA, LLC",0.0128289045823764
2021-07-26,498,"Volkswagen Group of America, Inc.",0.0284218518621894
2021-07-29,86,"General Motors, LLC",0.138671582267059
2021-07-29,2,"General Motors, LLC",0.138671582267059
2021-07-30,42493,"Ford Motor Company",0.148957774056618
2021-08-02,58,"Volkswagen Group of America, Inc.",0.0592944546181065
2021-08-04,12060,"Volkswagen Group of America, Inc.",0.0557363136068478
2021-08-05,34157,"General Motors, LLC",0.232112268545047
2021-08-05,9597,"General Motors, LLC",0.232112268545047
2021-08-05,45496,"Volkswagen Group of America, Inc.",0.0540133125699082
2021-08-06,31307,"Toyota Motor Engineering & Manufacturing",0.235185315066719
2021-08-06,33,"Volkswagen Group of America, Inc.",0.0523266421521807
2021-08-06,5092,"Volkswagen Group of America, Inc.",0.0523266421521807
2021-08-10,13773,"Ford Motor Company",0.225829336168477
2021-08-11,30,"Ford Motor Company",0.220519810979303
2021-08-12,32894,"General Motors, LLC",0.196345026763009
2021-08-13,66,"Mercedes-Benz USA, LLC",0.0191603483149743
2021-08-13,205,"Mercedes-Benz USA, LLC",0.0191603483149743
2021-08-20,52414,"General Motors, LLC",0.161496390360716
2021-08-20,402,"General Motors, LLC",0.161496390360716
2021-08-20,16737,"Volkswagen Group of America, Inc.",0.0321269465876164
2021-08-23,16430,"Ford Motor Company",0.16489712000922
2021-08-23,592,"Ford Motor Company",0.16489712000922
2021-09-02,262,"Honda (American Honda Motor Co.)",0.394864042388708
2021-09-02,158489,"Toyota Motor Engineering & Manufacturing",0.241333059805135
2021-09-08,99,"Volkswagen Group of America, Inc.",0.0445498073168739
2021-09-10,2,"General Motors, LLC",0.192083290417203
2021-09-10,7,"Mercedes-Benz USA, LLC",0.0192487215503129
2021-09-13,38,"Volkswagen Group of America, Inc.",0.0374212046199078
2021-09-14,17692,"Ford Motor Company",0.191357484061546
2021-09-14,13544,"Ford Motor Company",0.191357484061546
2021-09-22,150723,"Ford Motor Company",0.15729063371167
2021-09-22,228297,"Ford Motor Company",0.15729063371167
2021-09-22,8411,"Toyota Motor Engineering & Manufacturing",0.14856831639263
2021-09-23,14939,"General Motors, LLC",0.139316925060465
2021-09-23,2,"Volkswagen Group of America, Inc.",0.0252527434008246
2021-09-29,3241,"General Motors, LLC",0.119476661957869
2021-09-29,181,"General Motors, LLC",0.119476661957869
2021-09-29,181,"Honda (American Honda Motor Co.)",0.210736959981988
2021-09-30,37625,"Ford Motor Company",0.128563685202743
2021-10-01,553,"Ford Motor Company",0.24350613382156
2021-10-01,3,"Mercedes-Benz USA, LLC",0.0255183498360473
2021-10-07,555,"General Motors, LLC",0.192510217265343
2021-10-11,1311,"Mercedes-Benz USA, LLC",0.0156344498704104
2021-10-14,3889,"General Motors, LLC",0.162231194802568
2021-10-14,2181,"Honda (American Honda Motor Co.)",0.280316282399358
2021-10-15,777,"Ford Motor Company",0.173989231529354
2021-10-15,1036,"Ford Motor Company",0.173989231529354
2021-10-15,47683,"Ford Motor Company",0.173989231529354
2021-10-15,30,"Volkswagen Group of America, Inc.",0.0311247045830773
2021-10-18,27,"Mercedes-Benz USA, LLC",0.00986761736643811
2021-10-20,2857,"Volkswagen Group of America, Inc.",0.0253530445061245
2021-10-22,23,"Mercedes-Benz USA, LLC",0.00693858656114731
2021-10-29,8669,"Mercedes-Benz USA, LLC",0.0023768634762434
2021-11-03,1285,"Volkswagen Group of America, Inc.",0.0433332856700723
2021-11-03,1,"Volkswagen Group of America, Inc.",0.0433332856700723
2021-11-05,46,"Mercedes-Benz USA, LLC",0.0184686136833249
2021-11-10,1,"Ford Motor Company",0.183105085956747
2021-11-10,20,"Ford Motor Company",0.183105085956747
2021-11-10,208332,"Volkswagen Group of America, Inc.",0.0337278316592732
2021-11-17,2259,"Toyota Motor Engineering & Manufacturing",0.145557598594129
2021-11-17,227490,"Toyota Motor Engineering & Manufacturing",0.145557598594129
2021-11-17,54429,"Volkswagen Group of America, Inc.",0.0254535419838759
2021-11-18,357,"Honda (American Honda Motor Co.)",0.238385291955147
2021-11-18,4346,"Honda (American Honda Motor Co.)",0.238385291955147
2021-11-19,17,"Mercedes-Benz USA, LLC",0.00700303167251253
2021-11-23,114666,"Ford Motor Company",0.132511261899779
2021-11-23,22462,"Toyota Motor Engineering & Manufacturing",0.124968270842535
2021-11-24,5,"Ford Motor Company",0.129169410176361
2021-11-29,724826,"Honda (American Honda Motor Co.)",0.183140627771815
2021-11-29,227,"Mercedes-Benz USA, LLC",0.000672848797417339
2021-12-01,10,"Volkswagen Group of America, Inc.",0.0420046491035475
2021-12-02,279,"Honda (American Honda Motor Co.)",0.323459609804611
2021-12-08,288991,"Volkswagen Group of America, Inc.",0.0325833231527096
2021-12-13,78,"Toyota Motor Engineering & Manufacturing",0.149595520724479
2021-12-13,139,"Mercedes-Benz USA, LLC",0.00924932244192549
2021-12-16,184698,"Ford Motor Company",0.146952077270296
2021-12-16,4548,"Ford Motor Company",0.146952077270296
2021-12-16,5456,"Ford Motor Company",0.146952077270296
2021-12-16,2622,"Ford Motor Company",0.146952077270296
2021-12-16,311,"Ford Motor Company",0.146952077270296
2021-12-16,839,"Ford Motor Company",0.146952077270296
2021-12-16,93,"Ford Motor Company",0.146952077270296
2021-12-16,57591,"Ford Motor Company",0.146952077270296
2021-12-16,626,"General Motors, LLC",0.133351878625051
2021-12-16,1022,"Honda (American Honda Motor Co.)",0.233317680898843
2021-12-17,38312,"Mercedes-Benz USA, LLC",0.00637081395084463
2021-12-17,1,"Mercedes-Benz USA, LLC",0.00637081395084463
2021-12-22,4271,"General Motors, LLC",0.114227596800802
2021-12-23,151,"Toyota Motor Engineering & Manufacturing",0.115897006349423
2021-12-27,1239,"Mercedes-Benz USA, LLC",0.000161975084130864
2022-01-13,199085,"Ford Motor Company",0.30667939709206
2022-01-14,19697,"Ford Motor Company",0.299665094764795
2022-01-26,41544,"Toyota Motor Engineering & Manufacturing",0.214182002607551
2022-01-26,31058,"Volkswagen Group of America, Inc.",0.0460292138365321
2022-01-27,1789,"General Motors, LLC",0.201452922324789
2022-01-28,172,"Mercedes-Benz USA, LLC",0.020197407229266
2022-02-03,331,"Honda (American Honda Motor Co.)",0.554196376256324
2022-02-07,665,"Volkswagen Group of America, Inc.",0.075485647418303
2022-02-11,50,"Mercedes-Benz USA, LLC",0.0363717324082412
2022-02-16,330784,"Ford Motor Company",0.267323820434791
2022-02-16,247445,"Ford Motor Company",0.267323820434791
2022-02-16,18366,"Ford Motor Company",0.267323820434791
2022-02-16,327,"Ford Motor Company",0.267323820434791
2022-02-16,44219,"Ford Motor Company",0.267323820434791
2022-02-16,693,"Volkswagen Group of America, Inc.",0.0577773675298731
2022-02-16,920,"Volkswagen Group of America, Inc.",0.0577773675298731
2022-02-16,3648,"Volkswagen Group of America, Inc.",0.0577773675298731
2022-02-17,22,"General Motors, LLC",0.238558826256508
2022-02-18,6,"Mercedes-Benz USA, LLC",0.0277310398143128
2022-02-23,49,"Volkswagen Group of America, Inc.",0.0461701917256206
2022-02-24,155,"Ford Motor Company",0.221349418453838
2022-02-24,36558,"Toyota Motor Engineering & Manufacturing",0.209578347206789
2022-02-25,24,"Mercedes-Benz USA, LLC",0.0202878108489948
2022-03-04,4,"Mercedes-Benz USA, LLC",0.0420527558109602
2022-03-04,14,"Mercedes-Benz USA, LLC",0.0420527558109602
2022-03-08,740581,"General Motors, LLC",0.275230658905071
2022-03-10,9,"General Motors, LLC",0.262662208183879
2022-03-11,78376,"Ford Motor Company",0.280694494046258
2022-03-11,195864,"Ford Motor Company",0.280694494046258
2022-03-11,3,"Ford Motor Company",0.280694494046258
2022-03-11,72,"Ford Motor Company",0.280694494046258
2022-03-11,157306,"Ford Motor Company",0.280694494046258
2022-03-14,47238,"Volkswagen Group of America, Inc.",0.0561718506859745
2022-03-16,4269,"Volkswagen Group of America, Inc.",0.0527440056972048
2022-03-16,356,"Volkswagen Group of America, Inc.",0.0527440056972048
2022-03-17,681509,"General Motors, LLC",0.222661226898199
2022-03-18,9156,"Mercedes-Benz USA, LLC",0.0245033412580355
2022-03-18,22,"Mercedes-Benz USA, LLC",0.0245033412580355
2022-03-23,26093,"Volkswagen Group of America, Inc.",0.0418343744079015
2022-03-23,10119,"Volkswagen Group of America, Inc.",0.0418343744079015
2022-03-25,345451,"Ford Motor Company",0.20158437632572
2022-03-25,39720,"Ford Motor Company",0.20158437632572
2022-03-25,585,"Ford Motor Company",0.20158437632572
2022-03-25,119,"Ford Motor Company",0.20158437632572
2022-03-25,305,"Ford Motor Company",0.20158437632572
2022-03-25,391836,"Ford Motor Company",0.20158437632572
2022-03-25,47084,"Ford Motor Company",0.20158437632572
2022-03-25,8,"Mercedes-Benz USA, LLC",0.0175074203740137
2022-03-25,8396,"Mercedes-Benz USA, LLC",0.0175074203740137
2022-03-28,12,"Mercedes-Benz USA, LLC",0.0148142558399449
2022-03-28,222892,"Volkswagen Group of America, Inc.",0.0349802341652652
2022-03-31,1236,"General Motors, LLC",0.158521536225196
2022-03-31,89,"General Motors, LLC",0.158521536225196
2022-04-01,15,"Mercedes-Benz USA, LLC",0.0421859484737794
2022-04-01,4,"Mercedes-Benz USA, LLC",0.0421859484737794
2022-04-06,466,"Volkswagen Group of America, Inc.",0.0655876937627531
2022-04-06,8,"Volkswagen Group of America, Inc.",0.0655876937627531
2022-04-06,275,"Volkswagen Group of America, Inc.",0.0655876937627531
2022-04-06,6553,"Volkswagen Group of America, Inc.",0.0655876937627531
2022-04-08,126443,"Mercedes-Benz USA, LLC",0.0327394972914415
2022-04-08,21306,"Mercedes-Benz USA, LLC",0.0327394972914415
2022-04-13,4215,"Toyota Motor Engineering & Manufacturing",0.23709135310229
2022-04-13,458110,"Toyota Motor Engineering & Manufacturing",0.23709135310229
2022-04-13,1382,"Volkswagen Group of America, Inc.",0.0528981300029302
2022-04-14,933,"Ford Motor Company",0.244413103537646
2022-04-14,21904,"Ford Motor Company",0.244413103537646
2022-04-14,19175,"Ford Motor Company",0.244413103537646
2022-04-14,96015,"Ford Motor Company",0.244413103537646
2022-04-14,23165,"Ford Motor Company",0.244413103537646
2022-04-14,252936,"Ford Motor Company",0.244413103537646
2022-04-14,652996,"Ford Motor Company",0.244413103537646
2022-04-14,2687,"General Motors, LLC",0.223148020128103
2022-04-15,129,"Mercedes-Benz USA, LLC",0.0246021751618189
2022-04-28,18101,"Toyota Motor Engineering & Manufacturing",0.165113151594059
2022-05-06,661,"Toyota Motor Engineering & Manufacturing",0.261061025621923
2022-05-09,292287,"Mercedes-Benz USA, LLC",0.0280471173936983
2022-05-09,88,"Mercedes-Benz USA, LLC",0.0280471173936983
2022-05-13,310203,"Ford Motor Company",0.233637858759403
2022-05-13,32,"Ford Motor Company",0.233637858759403
2022-05-13,27,"Ford Motor Company",0.233637858759403
2022-05-13,464,"Ford Motor Company",0.233637858759403
2022-05-17,66221,"Ford Motor Company",0.21242404184627
2022-05-19,221,"General Motors, LLC",0.184509368218464
2022-05-19,74,"General Motors, LLC",0.184509368218464
2022-05-20,39,"General Motors, LLC",0.180071101948618
2022-05-20,234918,"Mercedes-Benz USA, LLC",0.016757347891086
2022-05-23,72,"Volkswagen Group of America, Inc.",0.0339287763275377
2022-05-26,1631,"General Motors, LLC",0.155339137166504
2022-05-26,212,"Honda (American Honda Motor Co.)",0.269100051780708
2022-05-27,5247,"Ford Motor Company",0.166666604836884
2022-05-27,25032,"Ford Motor Company",0.166666604836884
2022-05-27,6383,"Ford Motor Company",0.166666604836884
2022-06-02,237,"General Motors, LLC",0.258238866684115
2022-06-10,53103,"Ford Motor Company",0.23414614236143
2022-06-10,48924,"Ford Motor Company",0.23414614236143
2022-06-10,30467,"Ford Motor Company",0.23414614236143
2022-06-10,2925968,"Ford Motor Company",0.23414614236143
2022-06-10,1,"Ford Motor Company",0.23414614236143
2022-06-16,736,"General Motors, LLC",0.18492146661937
2022-06-16,132882,"Honda (American Honda Motor Co.)",0.317242746880065
2022-06-23,228,"General Motors, LLC",0.155694125232663
2022-06-23,1740,"Honda (American Honda Motor Co.)",0.269677764305348
2022-06-23,46176,"Toyota Motor Engineering & Manufacturing",0.161817054972954
2022-06-23,661,"Toyota Motor Engineering & Manufacturing",0.161817054972954
2022-06-24,776,"Ford Motor Company",0.167043770151805
2022-06-24,63294,"Ford Motor Company",0.167043770151805
2022-06-24,965,"Ford Motor Company",0.167043770151805
2022-06-24,2666,"Ford Motor Company",0.167043770151805
2022-06-30,23734,"General Motors, LLC",0.130517232104716
2022-06-30,242,"General Motors, LLC",0.130517232104716
2022-07-01,81,"Mercedes-Benz USA, LLC",0.0306205411312836
2022-07-01,2526,"Mercedes-Benz USA, LLC",0.0306205411312836
2022-07-01,28624,"Volkswagen Group of America, Inc.",0.0586004780924518
2022-07-06,280,"Toyota Motor Engineering & Manufacturing",0.2275978927735
2022-07-07,100689,"Ford Motor Company",0.234655421096007
2022-07-11,8530,"Mercedes-Benz USA, LLC",0.0197573577288217
2022-07-11,1168,"Mercedes-Benz USA, LLC",0.0197573577288217
2022-07-13,31428,"Toyota Motor Engineering & Manufacturing",0.192456272228828
2022-07-20,49443,"Volkswagen Group of America, Inc.",0.030438857572911
2022-07-20,43091,"Volkswagen Group of America, Inc.",0.030438857572911
2022-07-20,2584,"Volkswagen Group of America, Inc.",0.030438857572911
2022-07-21,75316,"Toyota Motor Engineering & Manufacturing",0.158217189315712
2022-07-21,3533,"Toyota Motor Engineering & Manufacturing",0.158217189315712
2022-07-22,692,"Ford Motor Company",0.163343712986199
2022-07-22,16977,"Mercedes-Benz USA, LLC",0.0101999200473713
2022-07-27,1216,"Volkswagen Group of America, Inc.",0.0226203678002469
2022-07-27,2238,"Volkswagen Group of America, Inc.",0.0226203678002469
2022-08-03,1,"Volkswagen Group of America, Inc.",0.0502005567062018
2022-08-08,64974,"Ford Motor Company",0.213827036794664
2022-08-10,13,"Toyota Motor Engineering & Manufacturing",0.192883929311721
2022-08-11,484155,"General Motors, LLC",0.181283700011774
2022-08-12,58203,"Ford Motor Company",0.194232008152888
2022-08-12,46,"Ford Motor Company",0.194232008152888
2022-08-25,120688,"General Motors, LLC",0.127817874142562
2022-08-26,198482,"Ford Motor Company",0.137425999799704
2022-08-26,277040,"Ford Motor Company",0.137425999799704
2022-08-26,1175,"Ford Motor Company",0.137425999799704
2022-08-29,4117,"Volkswagen Group of America, Inc.",0.0177938141332101
2022-08-31,3184,"Volkswagen Group of America, Inc.",0.0159673587610689
2022-09-01,1561,"Honda (American Honda Motor Co.)",0.366353998928764
2022-09-01,83725,"Toyota Motor Engineering & Manufacturing",0.223224008332121
2022-09-08,1519,"Ford Motor Company",0.199415718369368
2022-09-08,13004,"Volkswagen Group of America, Inc.",0.0383855024460713
2022-09-12,4,"Mercedes-Benz USA, LLC",0.0135735721934372
2022-09-12,161000,"Mercedes-Benz USA, LLC",0.0135735721934372
2022-09-12,6752,"Mercedes-Benz USA, LLC",0.0135735721934372
2022-09-14,69,"Ford Motor Company",0.172361829802737
2022-09-14,74,"Ford Motor Company",0.172361829802737
2022-09-14,86050,"Ford Motor Company",0.172361829802737
2022-09-14,2,"Volkswagen Group of America, Inc.",0.0306599830880001
2022-09-19,4,"Volkswagen Group of America, Inc.",0.0249352947486652
2022-09-21,8038,"Volkswagen Group of America, Inc.",0.0228108488086835
2022-09-22,95231,"General Motors, LLC",0.128118980271984
2022-09-22,186,"General Motors, LLC",0.128118980271984
2022-09-22,24,"General Motors, LLC",0.128118980271984
2022-09-26,555,"Volkswagen Group of America, Inc.",0.017879511927807
2022-09-29,6895,"General Motors, LLC",0.106763567052639
2022-09-30,26910,"Ford Motor Company",0.115056362279351
2022-09-30,11239,"Ford Motor Company",0.115056362279351
2022-09-30,19968,"Mercedes-Benz USA, LLC",0.000972574069344959
2022-09-30,59574,"Mercedes-Benz USA, LLC",0.000972574069344959
2022-10-05,170296,"Volkswagen Group of America, Inc.",0.0385115152525896
2022-10-07,74071,"Volkswagen Group of America, Inc.",0.03582057814993
2022-10-12,5,"Volkswagen Group of America, Inc.",0.0295742825258677
2022-10-13,797,"General Motors, LLC",0.149480917501374
2022-10-20,26,"Ford Motor Company",0.138066460542823
2022-10-20,31339,"Ford Motor Company",0.138066460542823
2022-10-20,596,"Ford Motor Company",0.138066460542823
2022-10-26,6076,"Volkswagen Group of America, Inc.",0.0152438505179459
2022-10-26,33,"Volkswagen Group of America, Inc.",0.0152438505179459
2022-10-31,224704,"Volkswagen Group of America, Inc.",0.0110773481928915
2022-11-02,55,"Volkswagen Group of America, Inc.",0.0386377747706801
2022-11-02,2607,"Volkswagen Group of America, Inc.",0.0386377747706801
2022-11-03,47046,"Ford Motor Company",0.195527943076368
2022-11-03,338735,"General Motors, LLC",0.178107464386993
2022-11-09,393,"Volkswagen Group of America, Inc.",0.0296830444673419
2022-11-09,5,"Volkswagen Group of America, Inc.",0.0296830444673419
2022-11-10,93,"Toyota Motor Engineering & Manufacturing",0.155749538709962
2022-11-15,483082,"Ford Motor Company",0.145544713123653
2022-11-18,521746,"Ford Motor Company",0.134921872779844
2022-11-18,157,"Toyota Motor Engineering & Manufacturing",0.127264153361469
2022-11-21,50883,"Volkswagen Group of America, Inc.",0.0171230213060324
2022-11-23,10199,"General Motors, LLC",0.107283846641649
2022-11-23,5861,"General Motors, LLC",0.107283846641649
2022-11-23,5,"General Motors, LLC",0.107283846641649
2022-11-23,117445,"Honda (American Honda Motor Co.)",0.190894202463286
2022-11-29,18808,"Ford Motor Company",0.101298218204681
2022-12-07,297,"Volkswagen Group of America, Inc.",0.0286160709547298
2022-12-08,740108,"General Motors, LLC",0.146454458414015
2022-12-14,11074,"Ford Motor Company",0.138709431566585
2022-12-14,1226,"Ford Motor Company",0.138709431566585
2022-12-14,2108,"General Motors, LLC",0.125757481066178
2022-12-14,96,"Volkswagen Group of America, Inc.",0.0210501906406552
2022-12-15,111242,"General Motors, LLC",0.122558037289387
2022-12-15,9,"General Motors, LLC",0.122558037289387
2022-12-16,11,"Mercedes-Benz USA, LLC",0.0041793342619577
2022-12-16,1,"Mercedes-Benz USA, LLC",0.0041793342619577
2022-12-16,69,"Mercedes-Benz USA, LLC",0.0041793342619577
2022-12-16,278,"Mercedes-Benz USA, LLC",0.0041793342619577
2022-12-21,37558,"Volkswagen Group of America, Inc.",0.0145328219355794
2022-12-22,19,"Honda (American Honda Motor Co.)",0.182251717215028
2022-12-23,101001,"Ford Motor Company",0.109966813747554
2022-12-23,348183,"Mercedes-Benz USA, LLC",0
2022-12-23,123696,"Mercedes-Benz USA, LLC",0
2022-12-29,1042,"Volkswagen Group of America, Inc.",0.00818283795619117
2023-01-19,23323,"General Motors, LLC",0.220155827792019
2023-01-23,801,"Ford Motor Company",0.21933658337804
2023-01-23,382759,"Ford Motor Company",0.21933658337804
2023-02-01,20904,"Volkswagen Group of America, Inc.",0.0792476560100014
2023-02-02,22132,"General Motors, LLC",0.306371563689581
2023-02-02,10,"General Motors, LLC",0.306371563689581
2023-02-02,10,"General Motors, LLC",0.306371563689581
2023-02-02,114686,"Honda (American Honda Motor Co.)",0.51489232692259
2023-02-02,16679,"Toyota Motor Engineering & Manufacturing",0.317572802683656
2023-02-10,1159,"Ford Motor Company",0.278198688510931
2023-02-10,1138,"Ford Motor Company",0.278198688510931
2023-02-10,321,"Ford Motor Company",0.278198688510931
2023-02-10,3674,"Ford Motor Company",0.278198688510931
2023-02-10,3,"Mercedes-Benz USA, LLC",0.0321478335475036
2023-02-15,1047,"Volkswagen Group of America, Inc.",0.0521033389583171
2023-02-15,12100,"Volkswagen Group of America, Inc.",0.0521033389583171
2023-02-16,98,"Honda (American Honda Motor Co.)",0.375367868530512
2023-02-17,1,"Mercedes-Benz USA, LLC",0.0240925066753249
2023-02-17,26116,"Mercedes-Benz USA, LLC",0.0240925066753249
2023-02-22,8989,"Toyota Motor Engineering & Manufacturing",0.198350644860637
2023-02-24,240,"Ford Motor Company",0.199732395901878
2023-02-24,4804,"Ford Motor Company",0.199732395901878
2023-02-24,98550,"Ford Motor Company",0.199732395901878
2023-03-03,130266,"Toyota Motor Engineering & Manufacturing",0.290118119627738
2023-03-08,343,"Ford Motor Company",0.272367889846818
2023-03-09,448613,"Honda (American Honda Motor Co.)",0.411936661470097
2023-03-10,1280726,"Ford Motor Company",0.259918893090875
2023-03-10,2716,"Ford Motor Company",0.259918893090875
2023-03-10,644,"Ford Motor Company",0.259918893090875
2023-03-10,1651,"Ford Motor Company",0.259918893090875
2023-03-10,222454,"Ford Motor Company",0.259918893090875
2023-03-15,18,"Ford Motor Company",0.231021854254912
2023-03-16,8744,"General Motors, LLC",0.205817103071569
2023-03-16,339404,"Honda (American Honda Motor Co.)",0.351248596765148
2023-03-17,70225,"Mercedes-Benz USA, LLC",0.0210834693055726
2023-03-17,61450,"Mercedes-Benz USA, LLC",0.0210834693055726
2023-03-22,5224,"Volkswagen Group of America, Inc.",0.0372404075992481
2023-03-23,15848,"Honda (American Honda Motor Co.)",0.298970940066833
2023-03-24,674,"Ford Motor Company",0.186168108624447
2023-03-24,19,"Ford Motor Company",0.186168108624447
2023-03-24,6,"Mercedes-Benz USA, LLC",0.0145614887027334
2023-03-29,143053,"Volkswagen Group of America, Inc.",0.0284793303330279
2023-03-29,15874,"Volkswagen Group of America, Inc.",0.0284793303330279
2023-03-29,19,"Volkswagen Group of America, Inc.",0.0284793303330279
2023-03-29,15989,"Volkswagen Group of America, Inc.",0.0284793303330279
2023-03-30,640,"Honda (American Honda Motor Co.)",0.253938141556067
2023-03-30,616128,"Honda (American Honda Motor Co.)",0.253938141556067
2023-03-31,3,"Mercedes-Benz USA, LLC",0.0089433516834388
2023-04-06,150830,"General Motors, LLC",0.243635033543163
2023-04-12,1461,"Honda (American Honda Motor Co.)",0.360128453235636
2023-04-13,40428,"General Motors, LLC",0.206270918381327
2023-04-20,1434,"Ford Motor Company",0.19116199589102
2023-04-28,523,"Ford Motor Company",0.157125787870298
2023-04-28,231942,"Ford Motor Company",0.157125787870298
2023-05-02,3828,"Mercedes-Benz USA, LLC",0.0312570688586726
2023-05-03,35325,"Volkswagen Group of America, Inc.",0.0577482276659698
2023-05-10,995085,"General Motors, LLC",0.206725622184035
2023-05-11,668187,"General Motors, LLC",0.201818911469968
2023-05-12,19,"Ford Motor Company",0.216050120464145
2023-05-12,442973,"Ford Motor Company",0.216050120464145
2023-05-18,175550,"Ford Motor Company",0.186999613664048
2023-05-19,7558,"Mercedes-Benz USA, LLC",0.013862230053947
2023-05-25,33,"General Motors, LLC",0.143055763906696
2023-05-26,142734,"Ford Motor Company",0.153615849655269
2023-05-26,125322,"Ford Motor Company",0.153615849655269
2023-05-26,29607,"Ford Motor Company",0.153615849655269
2023-05-30,96007,"Toyota Motor Engineering & Manufacturing",0.131091823658183
2023-06-05,8281,"Mercedes-Benz USA, LLC",0.024485777969096
2023-06-09,197399,"Ford Motor Company",0.21652397027578
2023-06-09,16375,"Ford Motor Company",0.21652397027578
2023-06-15,1209673,"Honda (American Honda Motor Co.)",0.293991176068531
2023-06-15,386,"Honda (American Honda Motor Co.)",0.293991176068531
2023-06-15,298,"Toyota Motor Engineering & Manufacturing",0.177260483732459
2023-06-21,59,"Volkswagen Group of America, Inc.",0.0276447845650635
2023-06-21,4,"Volkswagen Group of America, Inc.",0.0276447845650635
2023-06-23,14452,"Ford Motor Company",0.153967463818544
2023-06-23,366,"Ford Motor Company",0.153967463818544
2023-06-26,143551,"Mercedes-Benz USA, LLC",0.00627856403126581
2023-06-29,124077,"Honda (American Honda Motor Co.)",0.211451008344424
2023-06-30,1552,"Mercedes-Benz USA, LLC",0.00364280310920418
2023-06-30,8178,"Mercedes-Benz USA, LLC",0.00364280310920418
2023-06-30,6,"Mercedes-Benz USA, LLC",0.00364280310920418
2023-07-07,1398,"Toyota Motor Engineering & Manufacturing",0.200555246738218
2023-07-11,195,"Toyota Motor Engineering & Manufacturing",0.182044686884336
2023-07-12,43442,"Toyota Motor Engineering & Manufacturing",0.177658390054502
2023-07-12,152927,"Toyota Motor Engineering & Manufacturing",0.177658390054502
2023-07-21,112225,"Ford Motor Company",0.150518067882894
2023-07-21,1339,"Ford Motor Company",0.150518067882894
2023-07-21,5558,"Ford Motor Company",0.150518067882894
2023-07-21,38695,"Ford Motor Company",0.150518067882894
2023-07-21,870701,"Ford Motor Company",0.150518067882894
2023-07-27,767,"General Motors, LLC",0.117118776101573
2023-07-27,5,"Honda (American Honda Motor Co.)",0.206899703688847
2023-08-03,2,"Ford Motor Company",0.217474454866594
2023-08-03,3893,"General Motors, LLC",0.198327978716563
2023-08-04,73,"Mercedes-Benz USA, LLC",0.0195629481675317
2023-08-04,10,"Mercedes-Benz USA, LLC",0.0195629481675317
2023-08-10,317,"General Motors, LLC",0.167242706330881
2023-08-10,168179,"Toyota Motor Engineering & Manufacturing",0.173754860011131
2023-08-11,18513,"Ford Motor Company",0.179313828336963
2023-08-11,880,"Mercedes-Benz USA, LLC",0.0132516877980008
2023-08-17,19,"Honda (American Honda Motor Co.)",0.244894263043707
2023-08-23,2018,"Volkswagen Group of America, Inc.",0.019416759903864
2023-08-25,10,"Ford Motor Company",0.126356156181129
2023-08-25,8523,"Ford Motor Company",0.126356156181129
2023-08-25,41555,"Ford Motor Company",0.126356156181129
2023-08-25,169277,"Ford Motor Company",0.126356156181129
2023-08-25,7499,"Volkswagen Group of America, Inc.",0.0175225843266542
2023-08-30,47651,"Volkswagen Group of America, Inc.",0.0131257589205766
2023-08-31,9423,"General Motors, LLC",0.0975291510665783
2023-09-01,1899,"Volkswagen Group of America, Inc.",0.042209718156809
2023-09-06,8,"Volkswagen Group of America, Inc.",0.0353176400346553
2023-09-08,2954,"Ford Motor Company",0.17971575475735
2023-09-08,5795,"Ford Motor Company",0.17971575475735
2023-09-11,12118,"Mercedes-Benz USA, LLC",0.0108941399785888
2023-09-13,21781,"Toyota Motor Engineering & Manufacturing",0.15012513655379
2023-09-20,9264,"General Motors, LLC",0.120774006764777
2023-09-20,189,"General Motors, LLC",0.120774006764777
2023-10-02,32,"Mercedes-Benz USA, LLC",0.0160056013998746
2023-10-04,2,"Volkswagen Group of America, Inc.",0.0341426563072924
2023-10-06,238364,"Ford Motor Company",0.175772786851803
2023-10-06,5326,"Mercedes-Benz USA, LLC",0.012575021664369
2023-10-06,1,"Mercedes-Benz USA, LLC",0.012575021664369
2023-10-12,234,"General Motors, LLC",0.137594410690079
2023-10-12,62,"General Motors, LLC",0.137594410690079
2023-10-12,42,"General Motors, LLC",0.137594410690079
2023-10-12,13,"Toyota Motor Engineering & Manufacturing",0.143107322442317
2023-10-13,34762,"Ford Motor Company",0.147813308099065
2023-10-13,931,"Ford Motor Company",0.147813308099065
2023-10-13,2866,"Ford Motor Company",0.147813308099065
